County,Alfa Romeo Tonale,Audi A3 Plug In,Audi A7 Plug In,Audi A8 Plug In,Audi Q4 Sportback e-tron,Audi Q4 e-tron,Audi Q5 Plug In,Audi Q8 Sportback e-tron,Audi Q8 e-tron,Audi RS e-tron GT,Audi e-tron,Audi e-tron GT,Audi e-tron Sportback,BMW 3-Series Plug in,BMW 5-Series Plug in,BMW 7-Series Plug in,BMW X3,BMW X5,BMW XM,BMW i3,BMW i3 REx,BMW i4,BMW i5,BMW i7,BMW i8,BMW iX,BYD 8TT,Bentley Bentayga Hybrid,Bentley Flying Spur Hybrid,BrightDrop EV600,Cadillac CT6,Cadillac ELR,Cadillac Lyriq,Chevrolet Blazer EV,Chevrolet Bolt EUV,Chevrolet Bolt EV,Chevrolet Silverado EV,Chevrolet Spark,Chevrolet Volt,Chrysler Pacifica,Coda EV,Dodge Hornet,E-Ride EXV,Ferrari SF90 Stradale,Fiat 500e,Fisker Karma,Fisker Ocean,Ford C-Max Energi,Ford E-Transit,Ford Escape Plug-in Hybrid,Ford F-150 Lightning,Ford Focus EV,Ford Fusion Energi,Ford Mustang Mach-E,Ford Ranger,Ford Think Neighbor,Freightliner eCascadia,GEM NEV,GMC Hummer EV Pickup,GMC Hummer EV SUV,Genesis G80 EV,Genesis GV60 EV,Genesis GV70 EV,Gillig Battery Electric Bus,GreenPower EV Star,Honda Accord Plug In,Honda Clarity Plug In,Hyundai Ioniq 5,Hyundai Ioniq 6,Hyundai Ioniq EV,Hyundai Ioniq Plug In,Hyundai Kona Electric,Hyundai Santa Fe Plug In,Hyundai Sonata Plug In,Hyundai Tucson Plug In,IC Bus CE Electric Bus,International MV60E,Jaguar I-PACE,Jaguar I-Pace,Jeep Grand Cherokee Plug In,Jeep Wrangler 4xe,Karma Revero,Kia EV6,Kia EV9,Kia Niro EV,Kia Niro Plug In,Kia Optima Plug In,Kia Sorento Plug In,Kia Soul EV,Kia Sportage Plug-In,Land Rover Range Rover Plug In,Lexus NX 450h+,Lexus RZ 450e,Lexus TX 500h,Lincoln Aviator Plug In,Lincoln Corsair,Lion LionC Bus,Lucid Air,Mazda CX-90,Mazda MX-30,Mclaren P1,Mercedes B-Class Electric,Mercedes C350e Plug In,Mercedes EQB,Mercedes EQE,Mercedes EQE SUV,Mercedes EQS,Mercedes EQS SUV,Mercedes GLC 350e Hybrid,Mercedes GLE 450e,Mercedes GLE55e,Mercedes S550e,Mercedes S560e,Mercedes S580e,Miles ZX40ST,Mini Cooper SE Countryman,Mini Cooper SE Hardtop 2 Door,Mitsubishi Outlander Plug In,Mitsubishi i,New Flyer Xcelsior CHARGE,Nissan Ariya,Nissan Leaf,Peterbilt 220EV,Peterbilt 579EV,Polestar 1,Polestar 2,Porsche 918 Spyder,Porsche Cayenne S E-Hybrid,Porsche Panamera S E-Hybrid,Porsche Panamera Turbo S E-Hybrid,Porsche Taycan,Rivian EDV,Rivian R1S,Rivian R1T,Rolls Royce Spectre,Smart EQ ForTwo,Smart forTwo EV,Smart forTwo EV Cabrio,Smith EV,Subaru Crosstrek Hybrid,Subaru Solterra,Tesla Cybertruck,Tesla Model 3,Tesla Model S,Tesla Model X,Tesla Model Y,Tesla Roadster,Tesla Semi,Toyota BZ4X,Toyota Prius Plug-in,Toyota Prius Prime,Toyota RAV4 EV,Toyota RAV4 Prime,VinFast VF 8,Volkswagen ID.4,Volkswagen e-Golf,Volvo C40 Recharge,Volvo S60 Plug In,Volvo S90 Plug In,Volvo Trucks VNR Electric Truck,Volvo V60 Plug In,Volvo XC40 Recharge,Volvo XC60 Plug-In,Volvo XC90 Plug-In,Wheego Life,Workhorse E-GEN Van,Xos MDXT,Xos SV,Grand Total,Latitude,Longitude
Anderson,,,,,,,,,,,,,,,1.0,,,1.0,,1.0,,,,,1.0,,,,,,,,,,1.0,2.0,,,4.0,1.0,,,,,,,,,,1.0,2.0,,1.0,4.0,,,,,,1.0,,,,,,,2.0,,,,,,,,,,,,,4.0,4.0,,,1.0,1.0,,,,,,,,,,,,,1.0,,,,,,,,,,,,,,,,,,,,,,,,1.0,,,,,,,,,,,,,,,,,,,,,13.0,6.0,5.0,10.0,,,,,6.0,,1.0,,,,1.0,,,,,,,,,,,,77.0,31.7819242,-95.6258199
Andrews,,,,,,1.0,,,,,,,,1.0,2.0,,,,,,,,,,,,,,,,,,,,,,,,1.0,,,,,,,,,,,,,,,1.0,,,,,,,,,,,,,,,,,,,,,,,,,,,2.0,,,,,1.0,,,,,,,,,1.0,,,,,,,,,,1.0,,,,,,,,,,,,,,,,,,,,,,,,,,1.0,,,,,,,,,,,,7.0,2.0,1.0,3.0,,,,,1.0,,1.0,,,,,,,,,,,1.0,,,,,28.0,32.2690953,-102.6042447
Angelina,,,,,,,,,1.0,,,,,,,,,2.0,,,1.0,,,,1.0,1.0,,,,,,,1.0,1.0,3.0,7.0,,,8.0,3.0,,,,,,,,,1.0,,2.0,,2.0,4.0,,,,,,,,,1.0,,,,1.0,,1.0,,,,,2.0,,,,,,1.0,8.0,,3.0,,,1.0,,,,,,,,,,,,1.0,,,,,,,,,,,1.0,,,,,,,1.0,,,,,,8.0,,,,,,1.0,2.0,,,,,,,,,,,,,,33.0,14.0,7.0,14.0,,,1.0,,3.0,,2.0,,1.0,,,,,,,,,,,,,,145.0,31.2544545,-94.6181177
Aransas,,,,,,,,,,,,,,1.0,,1.0,,1.0,,,1.0,,,,,1.0,,,,,,1.0,,,,1.0,,,6.0,1.0,,,,,,,1.0,,,1.0,2.0,,3.0,,,,,1.0,,,,,,,,,,2.0,2.0,,,,,,,,,,,1.0,7.0,,,,,,,,,,1.0,,,,3.0,,,,,,,,,,,,,,,,,,,,,1.0,,,,,,2.0,,,,,,1.0,,,1.0,,1.0,,,,,,,,,,6.0,4.0,3.0,16.0,,,,,1.0,,1.0,,2.0,,,,,,,,2.0,2.0,,,,,81.0,28.1987876,-96.947708
Archer,,,,,,,,,,,,,,,,,,1.0,,,,,,,,,,,,,,,1.0,,1.0,,,,1.0,,,,,,,,,,,,,,,,,,,,,,,,,,,,,,,,,,,,,,,,,2.0,,,,,,,,1.0,,,,,,,1.0,,,,,,,,,,,,,,,,,,,,,,,,,,,,,,,,,,,,,,,,,,,,,,,1.0,3.0,3.0,,1.0,,,,,,,,,,,,,,,,,,,,,,,16.0,33.5816594,-98.7044869
Armstrong,,,,,,,,,,,,,,,,,,,,,,,,,,,,,,,,,,,1.0,,,,,,,,,,,,,,,,,,,,,,,,,,,,,,,,,,,,,,,,,,,,,,,,,,,,,,,,,,,,,,,,,,,,,,,,,,,,,,,,,,,,,,,,,,,,,,,,,,,,,,,,,,,,,,,1.0,,,,,,,,,,,,,,,,,,,,,,,2.0,34.9295608,-101.3449139
Atascosa,,,,,,,1.0,,,,,1.0,,2.0,1.0,,,1.0,,1.0,,,,,,,,,,,,,,,3.0,4.0,,,5.0,2.0,,1.0,,,,,,3.0,,,3.0,2.0,4.0,2.0,,,,,,,,,,,,,,,,,,,,,,,,,,1.0,5.0,,,,1.0,,,,1.0,,,,,,,,,,1.0,,,,,,2.0,,,,1.0,,,,,,,,,,,,,1.0,,,,,,,,,,,,,,,1.0,,,,,,21.0,3.0,3.0,8.0,,,,,1.0,,1.0,,1.0,,,1.0,,,,1.0,,,,,,,90.0,28.8554434,-98.5316314
Austin,,,,,,,,,1.0,,1.0,,,,1.0,,,,,1.0,1.0,1.0,,,,,,,,,,,4.0,,,1.0,,,4.0,1.0,,,,,,,,,,,2.0,,2.0,5.0,,,,1.0,,,,,,,,,,,2.0,,,,,,,,,,,,4.0,,,,1.0,,,,,2.0,,,,,2.0,,,1.0,,,,,,,,,,,,,,,,,,,1.0,,,,2.0,2.0,,,,,,,,,1.0,,1.0,1.0,,,,,,,,,17.0,7.0,1.0,17.0,,,,,2.0,,2.0,,5.0,,,,,,,,1.0,1.0,,,,,99.0,30.2711286,-97.7436995
Bailey,,,,,,,,,,,,,,,,,,,,,1.0,,,,,,,,,,,,,,,,,,1.0,,,,,,,,,,,,,,,,,,,,,,,,,,,,,,,,,,,,,,,,,,,,,,,,,,,,,,,,,,,,,,,,,,,,,,,,,,,,,,,,,,,,,,,,,,,,,,,,,,,,,,,,,,,,,,,,,,,,,,,,,,,,,,,,,,2.0,34.0349194,-102.8149372
Bandera,,,,,,,,,,,,,,1.0,1.0,,,1.0,,1.0,1.0,,,,,,,,,,,,,,1.0,6.0,,,2.0,,,,,1.0,1.0,,,,,,3.0,,4.0,3.0,,,,,,1.0,,,,,,,,2.0,1.0,,1.0,,,,,,,,,1.0,2.0,,1.0,,2.0,,1.0,,,,1.0,,,,1.0,,,,,,,,,,,1.0,,,,,,,,,,,,,,,,1.0,,,,,,,,,,,,,,,,,,,,,22.0,8.0,3.0,11.0,1.0,,,,3.0,,1.0,,3.0,,,,,,,,,,,,,,94.0,29.7643475,-99.234526
Bastrop,,,,,,2.0,3.0,,1.0,,2.0,,,3.0,,,4.0,4.0,,1.0,4.0,2.0,,,1.0,1.0,,,,,,,2.0,,9.0,30.0,,,13.0,7.0,,,,,4.0,,1.0,8.0,4.0,3.0,15.0,,10.0,30.0,,,,1.0,,1.0,,,,,,,4.0,4.0,,,1.0,1.0,,,,,,,,6.0,10.0,,3.0,2.0,10.0,5.0,,,4.0,,,,,1.0,,,,,,,,,,3.0,,,1.0,,,,,,,,,1.0,1.0,,,,1.0,17.0,,,,1.0,,1.0,3.0,,,,4.0,6.0,,,,,,,,8.0,181.0,35.0,18.0,133.0,,,2.0,2.0,17.0,,6.0,,13.0,,,1.0,1.0,,,2.0,5.0,1.0,,,,,681.0,30.0541116,-97.3887764
Baylor,,,,,,,,,,,,,,,,,,,,,,,,,,,,,,,,,,,,,,,,,,,,,,,,,,,,,,,,,,1.0,,,,,,,,,,,,,,,,,,,,,,,,,,,,,,,,,,,,,,,,,,,,,,,,,,,,,,,,,,,,,,,,1.0,,,,,,,,,,,,,,,,,,,,,,,,,,,,,,,,,,,,,,,,,,,,,,,2.0,33.574962,-99.2000611
Bee,,,,,,,,,,,,,,1.0,,,,,,,,,,,,,,,,,,,,1.0,1.0,3.0,,,7.0,,,,,,,,,,,,2.0,1.0,,3.0,,,,,,,,,,,,,,,,,,,,,,,,,,,1.0,,,,,,,,,,,,,,,,,,,,,,,,,,,,,,,,,,,,,,,,,,,,,,,,,,,,,,,,,,,,,,7.0,,1.0,7.0,,,,,,,1.0,,1.0,,,,,,,,,,,,,,37.0,28.3871179,-97.7191838
Bell,,,,,,3.0,3.0,,,,4.0,,,18.0,20.0,2.0,3.0,11.0,1.0,6.0,10.0,16.0,1.0,2.0,8.0,4.0,,,,,1.0,2.0,20.0,2.0,11.0,32.0,,4.0,70.0,59.0,,1.0,,,8.0,,,18.0,5.0,7.0,25.0,2.0,32.0,50.0,,1.0,,,3.0,2.0,,,,,,,10.0,15.0,12.0,1.0,,5.0,,2.0,2.0,,,,1.0,13.0,78.0,,12.0,5.0,5.0,7.0,2.0,5.0,1.0,5.0,,3.0,,,4.0,6.0,,3.0,9.0,,,,3.0,4.0,1.0,3.0,4.0,,3.0,3.0,,1.0,,,,2.0,1.0,15.0,1.0,,30.0,25.0,,,,7.0,,2.0,1.0,,1.0,,7.0,5.0,,,6.0,,,1.0,1.0,2.0,379.0,93.0,42.0,300.0,,,3.0,3.0,40.0,,9.0,,29.0,2.0,2.0,6.0,1.0,,2.0,4.0,9.0,12.0,,,,,1738.0,31.0081659,-97.4314413
Bexar,5.0,19.0,4.0,2.0,13.0,52.0,84.0,2.0,42.0,7.0,106.0,62.0,34.0,198.0,154.0,12.0,20.0,200.0,7.0,59.0,98.0,155.0,24.0,6.0,38.0,67.0,,,1.0,,5.0,24.0,113.0,3.0,547.0,538.0,91.0,16.0,379.0,327.0,,1.0,,3.0,25.0,1.0,8.0,93.0,43.0,61.0,209.0,11.0,143.0,427.0,,,,6.0,18.0,11.0,11.0,8.0,2.0,8.0,,,74.0,307.0,51.0,12.0,13.0,101.0,5.0,7.0,25.0,,2.0,2.0,13.0,367.0,455.0,2.0,315.0,6.0,439.0,34.0,2.0,37.0,18.0,7.0,20.0,21.0,38.0,,45.0,29.0,,27.0,28.0,,1.0,5.0,6.0,36.0,22.0,26.0,72.0,,7.0,19.0,1.0,3.0,,1.0,,8.0,31.0,46.0,8.0,,59.0,382.0,,,,523.0,2.0,44.0,32.0,,88.0,18.0,110.0,85.0,,,22.0,,,6.0,18.0,30.0,5166.0,933.0,564.0,3587.0,1.0,,46.0,36.0,262.0,,128.0,,211.0,16.0,100.0,20.0,3.0,1.0,5.0,322.0,64.0,110.0,,,,,20391.0,29.4263987,-98.5104781
Blanco,,,,,,,,,1.0,,1.0,,,,1.0,,,1.0,,,,,,,,,,,,,,,,,1.0,6.0,,,4.0,,,,,,,,,,,1.0,,,,3.0,,,,,,,,,,,,,1.0,3.0,,,,,,,,,,,1.0,1.0,4.0,,,,,,1.0,1.0,,,,,2.0,,,,,1.0,,,,,,,,1.0,,,,1.0,,,,,,,,,,,,1.0,,,,1.0,,,,,1.0,,2.0,3.0,,,,,,,,1.0,17.0,3.0,3.0,20.0,,,,1.0,1.0,,,,2.0,,,,,,,,2.0,,,,,,94.0,30.2419274,-98.4004594
Borden,,,,,,,,,,,,,,,,,,,,,,,,,,,,,,,,,,,,,,,,1.0,,,,,,,,,,,,,,,,,,,,,,,,,,,,,,,,,,,,,,,,,,,,,,,,,,,,,,,,,,,,,,,,,,,,,,,,,,,,,,,,,,,,,,,,,,,,,,,,,,,,,,,,,,,,,,,,,,,,,,,,,,,,,,,,,1.0,32.6879416,-101.425711
Bosque,,,,,,,,,,,,,,,2.0,,,,,,,,,,,,,,,,,,,,,3.0,,,4.0,1.0,,,,,1.0,,,,,,1.0,,3.0,3.0,,,,,,,,,,,,,,,,,,,,,,,,,,,2.0,,1.0,,1.0,,,,,,,,,,,,,,,,,,,,,,,,,,,,,,,,,,,,,2.0,,,,,,2.0,,,,,,2.0,,,,,,,,,7.0,2.0,,6.0,,,,,2.0,,,,2.0,,,,,,,,1.0,,,,,,48.0,31.8778358,-97.6561014
Bowie,,,,,,,1.0,,,,,,1.0,,1.0,,,2.0,,,1.0,,,,,,,,,,,1.0,1.0,1.0,1.0,6.0,,,7.0,,,,,,,,1.0,1.0,,4.0,5.0,,4.0,5.0,,,,,2.0,1.0,,,,,,,2.0,3.0,,,1.0,,,,,,,,,5.0,13.0,,3.0,1.0,1.0,1.0,,,,,,,,,2.0,,,1.0,1.0,,,,,,,,1.0,,,,,1.0,,,,,,1.0,,,1.0,5.0,,,,,,,,,1.0,,3.0,2.0,,,,,,,,,44.0,7.0,6.0,22.0,,,,2.0,4.0,,4.0,,2.0,,,,,,,,1.0,,,,,,187.0,33.4198886,-94.4479626
Brazoria,2.0,,,,2.0,10.0,5.0,,11.0,1.0,18.0,5.0,9.0,9.0,19.0,4.0,3.0,23.0,1.0,10.0,9.0,33.0,5.0,3.0,13.0,14.0,,,1.0,,2.0,1.0,37.0,2.0,36.0,47.0,,2.0,45.0,36.0,,,,,3.0,,3.0,8.0,7.0,8.0,37.0,2.0,32.0,81.0,,,,,3.0,2.0,,3.0,,,,,18.0,42.0,5.0,1.0,2.0,5.0,1.0,1.0,,,1.0,,2.0,23.0,65.0,2.0,13.0,7.0,8.0,5.0,2.0,6.0,3.0,1.0,1.0,3.0,1.0,,8.0,6.0,,3.0,9.0,,,,3.0,9.0,10.0,17.0,28.0,1.0,1.0,4.0,,3.0,1.0,,,,1.0,5.0,,,9.0,48.0,,,,9.0,,6.0,4.0,,20.0,17.0,13.0,19.0,,,1.0,,,1.0,1.0,2.0,771.0,169.0,110.0,798.0,,,7.0,5.0,20.0,,17.0,,59.0,1.0,5.0,3.0,1.0,,1.0,6.0,2.0,12.0,,,,,3071.0,29.18161,-95.4993375
Brazos,1.0,1.0,1.0,,,,1.0,,,,5.0,2.0,1.0,10.0,15.0,,4.0,12.0,1.0,2.0,,11.0,1.0,,,11.0,,,,,,1.0,4.0,,17.0,19.0,,1.0,41.0,35.0,,,,,2.0,1.0,1.0,12.0,6.0,5.0,18.0,,20.0,32.0,,,,,2.0,1.0,,1.0,,,,,8.0,15.0,16.0,,3.0,3.0,,1.0,,,,,,13.0,39.0,,15.0,1.0,3.0,4.0,3.0,2.0,,5.0,1.0,1.0,,,5.0,1.0,,,8.0,,,,,3.0,1.0,6.0,11.0,,1.0,2.0,,,,,,1.0,4.0,4.0,,,9.0,19.0,,,,5.0,,1.0,,,4.0,,11.0,10.0,,,,,,2.0,3.0,2.0,253.0,65.0,37.0,206.0,,,1.0,2.0,22.0,,11.0,,9.0,,3.0,3.0,,,,2.0,6.0,8.0,,,,,1172.0,30.6993189,-96.3497772
Brewster,,,,,,,,,,,,,,,,,,,,,1.0,,,,,,,,,,,,,,,,,,2.0,,,,,,,,,,,,,,2.0,1.0,,,,,,,,,,,,,,,,,,,,,,,,,,,,,,,1.0,,,,,,,,,,,,,,,,,,,,,,,,,,,,,,,,,,,,,,,,,,,,,,,,,,,,,,,,,,5.0,2.0,1.0,2.0,,,,,1.0,,1.0,,,,,,,,,,,,,,,,19.0,29.8462742,-103.2400734
Briscoe,,,,,,,,,,,,,,,,,,,,,,,,,,,,,,,,,,,,,,,,,,,,,,,,,,,,,,,,,,,,,,,,,,,,,,,,,,,,,,,,,,,,,,,,,,,,,,,,,,,,,,,,,,,,,,,,,,,,,,,,,,,,,,,,,,,,,,,,,,,,,,,,,,,,,,,1.0,,,,,,,,,,,,,,,,,,1.0,34.4795161,-101.1875029
Brooks,,,,,,,,,,,,,,,,,,,,,,,,,,,,,,,,,,,,,,,1.0,1.0,,,,,,,,,,,,,,,,,,,,,,,,,,,,,,,,,,,,,,,,,,,,,,,,,,,,,,,,,,,,,,,1.0,,,,,,,,,,,,,,,1.0,,,,,,,,,,,,,,,,,,,,,,,,,1.0,,,,,,,1.0,,,,,,,,,,,,,,,,,,,6.0,26.9879856,-98.2071041
Brown,,,,,,,,,,,,,1.0,,,,,1.0,,,,,,,,,,,,,,1.0,,,,2.0,,1.0,4.0,2.0,,,,,,,,1.0,,1.0,3.0,,,6.0,,,,,1.0,,,,,,,,,,,,,,,,,,,,,1.0,,,,,2.0,,,,,,,,,,,,,,2.0,,,,,,,,,,,,,,,,,,,,,,,,,,,,,,,,,,,,,,,,,,,,7.0,,1.0,5.0,,,,1.0,1.0,,1.0,,,,,,,,,,,,,,,,45.0,31.7525184,-98.9904722
Burleson,,,,,,,,,,,,,,,,,,,,,,,,,,,,,,,,,,,1.0,1.0,,,1.0,,,,,,,,,,,,1.0,,1.0,1.0,,,,,,1.0,,,,,,,,1.0,,,,,,,,,,,,,,,,,1.0,,,,,,,,,,,,,,,,,,,,,,,,,,,,,,,,,,,,,1.0,,,,,,,,,,,,,,,,,,,,,7.0,2.0,1.0,5.0,,,,,1.0,,,,,,,,,,,,,1.0,,,,,27.0,30.4764878,-96.6353488
Burnet,,,,,,,1.0,,,,1.0,2.0,,1.0,1.0,,,3.0,,1.0,2.0,1.0,,,,,,,,,,1.0,4.0,,5.0,5.0,,1.0,12.0,4.0,,,,,1.0,,1.0,5.0,,3.0,16.0,,5.0,6.0,,,,,,,,,,,,,4.0,3.0,3.0,,,,,,,,,,,,11.0,1.0,,,,,,2.0,,,,,,,3.0,2.0,,,1.0,,,,,,,1.0,3.0,,1.0,,,,,,,,,1.0,,,,8.0,,,,,,3.0,1.0,,1.0,,2.0,4.0,,,,,,1.0,,,61.0,35.0,17.0,56.0,,,,1.0,11.0,,2.0,,6.0,,,1.0,1.0,,,,2.0,4.0,,,,,335.0,30.7763939,-98.1700016
Caldwell,,,,,,,,,,,1.0,,,1.0,1.0,,,1.0,,,,,,,,1.0,,,,,,,2.0,,3.0,8.0,,,5.0,2.0,,,,,2.0,,,1.0,,1.0,1.0,,5.0,6.0,,,,,,,,,,,,,,,,1.0,,1.0,,,,,,,1.0,2.0,3.0,,2.0,,,1.0,,1.0,,,,,1.0,,,,,,1.0,,,,,1.0,,,,,,,,,,,,,,1.0,,,1.0,5.0,,,,,,,,,,,,1.0,,,,,,,,2.0,27.0,7.0,2.0,22.0,,,,,2.0,,2.0,,,1.0,,,,,,,,3.0,,,,,132.0,29.8298971,-97.5959641
Calhoun,,,,,,,,,,,,,,1.0,1.0,,,2.0,,,,,,,,,,,,,,,1.0,,,,,,1.0,,,,,,,,,1.0,2.0,,1.0,,,,,,,,,,,,,,,,,,,,,,,,,,,,,,1.0,,2.0,,,,,,,1.0,,,,,,,,,,,,,,,,,,,,,,,,,,,,,,,,,,,,,,,,,,,,,,,,,,,,,13.0,,,7.0,,,,,1.0,,1.0,,2.0,,,,,,,,,,,,,,38.0,28.5031572,-96.6736551
Callahan,,,,,,,,,,,,,,,1.0,,,1.0,,1.0,,,,,,,,,,,,,,,,4.0,,,,,,,,,,,,,,,,,3.0,1.0,,,,,,,,,,,,,,,,,,,,,,,,,,,2.0,,,,,,,,,,,,,,1.0,,,,,,,,,,,,,,,,,,,,,,,,,,,5.0,,,,,,,,,,,,,,,,,,,,,4.0,1.0,,1.0,,,,,1.0,,2.0,,1.0,,,,,,,,,,,,,,29.0,32.2810409,-99.3612437
Cameron,2.0,1.0,,,1.0,1.0,4.0,,,,1.0,,4.0,6.0,12.0,,1.0,8.0,2.0,,11.0,11.0,1.0,1.0,7.0,2.0,,1.0,,,1.0,1.0,24.0,1.0,14.0,21.0,,2.0,26.0,18.0,,1.0,,,,,,7.0,9.0,4.0,33.0,1.0,6.0,45.0,,,,1.0,1.0,2.0,1.0,,,,,,5.0,10.0,19.0,1.0,,5.0,,,,,,,,16.0,72.0,,6.0,1.0,3.0,6.0,,1.0,1.0,2.0,3.0,1.0,,,3.0,2.0,,2.0,3.0,,1.0,,,2.0,,2.0,3.0,,,2.0,,,1.0,,,,,7.0,1.0,,14.0,26.0,,,,1.0,,2.0,2.0,,5.0,,2.0,3.0,,,1.0,,,,1.0,8.0,458.0,75.0,51.0,236.0,,,2.0,1.0,17.0,,14.0,,15.0,,1.0,,,,,2.0,2.0,5.0,,,,,1421.0,26.1291189,-97.4134281
Camp,,,,,,1.0,,,,,,,,,,,,,,,,,,,,,,,,,,1.0,,,,1.0,,,,,,,,,,,,,,,1.0,,1.0,2.0,,,,,,,,,,,,,,,,,,,,,,,,,,,1.0,,,,,,,,,,,,,,1.0,,,,,,,,,,,,,,,,,,,,,,,,,,,1.0,,,,,,1.0,,,,,1.0,,,,,,,,,,1.0,1.0,,,,,,,,,,,,,,,,,,,,,,,,,14.0,32.9723128,-94.9852858
Carson,,,,,,,,,,,,,,,,,,,,,,,,,,,,,,,,,,,,,,,1.0,,,,,,,,,,,,,,1.0,,,,,,,,,,,,,,,,,,,,,,,,,,,,,,,,,,,,,,,,,,1.0,,,,,,,,,,,,,,,,,,,,,,,,,,,,,,,,,,,,,,,,,,,,,,,,2.0,3.0,,1.0,,,,,,,,,,,,,,,,,,,,,,,9.0,35.3636563,-101.3353895
Cass,,,,,,,,,,,,,,,1.0,,,1.0,,,,,,,1.0,,,,,,,,,,1.0,2.0,,,3.0,5.0,,,,,,,,,,1.0,,,,1.0,,,,,,,,,,,,,,,,,,,,,,,,,1.0,1.0,4.0,,,,,,,,,,,,,,2.0,,4.0,,,,,,,,,,,,,,,,,,,,,,,,2.0,1.0,,,,,,,,,1.0,,,,,,,,,,,,6.0,2.0,,5.0,,,,,1.0,,,,,,,,,,,,,2.0,,,,,48.0,33.0560857,-94.3510366
Castro,,,,,,,,,,,,,,1.0,,,,,,,,,,,,,,,,,,,,,,,,,2.0,1.0,,,,,,,,,,,,,3.0,,,,,,,,,,,,,,,,,,,,,,,,,,,,,,,,1.0,,,,,,,,,,,,,,,,,,,,,,,,,,,,,,,,,,,,,,,,,,,,,,,,,,,,,,,,,,,1.0,,1.0,,,,,,,,,,,,,,,,,,,,,,,10.0,34.4952536,-102.2592314
Chambers,,,,,,,,,,,,,,,,1.0,1.0,1.0,,,,1.0,,,2.0,,,,,,,,,,3.0,3.0,,,2.0,3.0,,,,,,,1.0,1.0,,,11.0,,1.0,3.0,,,,,,1.0,,,,,,,2.0,1.0,2.0,,,1.0,,,,,,,,4.0,8.0,,1.0,,1.0,,,1.0,,,,,,,2.0,,,,,,,,,1.0,,,,,,1.0,,1.0,,,,,,1.0,,,1.0,1.0,,,,,,,,,3.0,,2.0,,,,,,,,,1.0,64.0,13.0,5.0,37.0,,,,,1.0,,1.0,,2.0,,,,,,,2.0,,2.0,,,,,197.0,29.7191125,-94.5412295
Cherokee,,,,,,,,,,,,,,,1.0,,,1.0,,,,,,,1.0,,,,,,,,2.0,,,4.0,,,8.0,6.0,,,,,1.0,,,,,,2.0,,2.0,3.0,,,,,,,,,,,,,,,,,,,,,,,,,,,2.0,,1.0,,2.0,,,,1.0,,,,,,2.0,,,,,,,,,,,,,,1.0,,,,,,,,,1.0,,,,,,,,,,,,,,,1.0,1.0,,,,,,,,,14.0,5.0,4.0,11.0,,,,,3.0,,,,,,,,,,,,,1.0,,,,,81.0,31.8390826,-95.1791849
Childress,,,,,,,,,,,,,,,,,,,,,,,,,,,,,,,,,,,,,,,,2.0,,,,,,,,,,,1.0,,1.0,,,,,,,,,,,,,,,,,,,,,,,,,,,,1.0,,,,,,,,,,,,,,,,,,,,,,,,,,,,,,,,,,,,,,,,,,,,,,,,,,,,,,,,,,,,,,1.0,1.0,,,,,,,,,,,,,,,,,,,,,,,,,7.0,34.519656850000004,-100.20676557187427
Clay,,,,,,,,,,,,,,,,,,,,,,,,,,,,,,,,,1.0,,,,,,1.0,1.0,,,,,,,,,,,,,,1.0,,,,,,,,,,,,,,,,,,,,,,,,,,1.0,,,,,,,,,,,,,,,1.0,,,,,,,,,,,1.0,,,,,,,,,,,,,,,,,,,,,,,,,,,,,,,,,,,,,5.0,1.0,,2.0,,,,,,,,,,,,,,,,,,,,,,,15.0,33.6856157,-98.2123296
Coke,,,,,,,,,,,,,,,,,,,,,,,,,,,,,,,,,,,,,,,,,,,,,,,,,,,,,,,,,,,,,,,,,,,,,,,,,,,,,,,,,,,,,,,,,,,,,,,,,,,,,,,,,,,,,,,,,,,,,,,,,,1.0,,,,,,,,,,,,,,,,,,,,,,,,,,,,,,,,,,,,,,,,,,1.0,,,,,2.0,31.8695226,-100.5474369
Coleman,,,,,,,,,,,,,,,,,,,,,,,,,,,,,,,,,,,,,,,1.0,,,,,,,,,,,,1.0,,,,,,,,,,,,,,,,,,,,,,,,,,,,,,,,,,,,,,,,,,,,,,,,,,,,,,,,,,,,,,,,,,,,,,,2.0,,,,,,,,,,,,1.0,,,,,,,,,,,,,,,,,1.0,,,,,,,,,,,,,,,,,,6.0,31.7766863,-99.4461098
Collin,,10.0,6.0,1.0,16.0,102.0,74.0,1.0,69.0,7.0,174.0,60.0,58.0,130.0,173.0,13.0,29.0,273.0,5.0,65.0,81.0,248.0,29.0,19.0,37.0,182.0,,1.0,1.0,,3.0,7.0,147.0,3.0,189.0,232.0,,11.0,331.0,311.0,,,,,44.0,3.0,19.0,54.0,32.0,33.0,177.0,15.0,158.0,492.0,,1.0,,7.0,17.0,17.0,,21.0,14.0,,,2.0,123.0,131.0,65.0,7.0,8.0,21.0,5.0,6.0,3.0,,,1.0,25.0,124.0,344.0,2.0,142.0,35.0,64.0,34.0,2.0,35.0,11.0,24.0,12.0,37.0,27.0,2.0,49.0,10.0,,87.0,47.0,1.0,,6.0,9.0,79.0,63.0,82.0,210.0,2.0,21.0,40.0,4.0,7.0,1.0,,,13.0,25.0,48.0,9.0,,83.0,376.0,,,,64.0,,87.0,52.0,,204.0,295.0,222.0,115.0,1.0,,13.0,,,3.0,34.0,29.0,6627.0,1519.0,1264.0,9018.0,6.0,,25.0,56.0,233.0,2.0,113.0,1.0,326.0,16.0,35.0,28.0,4.0,,3.0,67.0,95.0,207.0,,,,,27530.0,33.1609629,-96.6060984
Collingsworth,,,,,,,,,,,,,,,,,,,,,,,,,,,,,,,,,,,,,,,,,,,,,,,,,,,,,,,,,,,,,,,,,,,,,,,,,,,,,,,,,,,,,,,,,,,,,,,,,,,,,,,,,,,,,,,,,,,,,,,,,,,,,,,,,,,,,,,,,,,,,,,,,,,,,,,1.0,,,,,,,,,,,,,,,,,,1.0,34.9487017,-100.2669137
Colorado,,,,,,,,,,,,,,,1.0,,,,,,,,,,,,,,,,1.0,,,1.0,1.0,,,,1.0,1.0,,,,,,,,1.0,,,2.0,,3.0,2.0,,,,,,,,,,,,,1.0,,1.0,,,,,,,,,,,2.0,5.0,,,,,,,,,,,,,,2.0,,,1.0,,,,,,,,,,,,,,,,,,,,,,,,1.0,,,,,,,,,,,1.0,1.0,,,,,,,,,10.0,4.0,3.0,9.0,,,,,1.0,,,,,,,,,,,,,1.0,,,,,57.0,29.6099609,-96.5478826
Comal,,3.0,,,2.0,12.0,12.0,,15.0,,14.0,14.0,5.0,14.0,13.0,1.0,1.0,26.0,,11.0,6.0,13.0,3.0,,1.0,3.0,,,,,2.0,1.0,12.0,,19.0,42.0,,2.0,42.0,41.0,,,,,1.0,1.0,1.0,15.0,,5.0,54.0,,22.0,47.0,,,,2.0,3.0,5.0,,,,,,,7.0,13.0,5.0,1.0,3.0,8.0,2.0,1.0,,,,,2.0,14.0,66.0,,8.0,2.0,4.0,3.0,,5.0,1.0,3.0,2.0,4.0,2.0,,14.0,4.0,,4.0,9.0,,,1.0,1.0,4.0,,1.0,8.0,,1.0,1.0,,1.0,,,,2.0,6.0,6.0,1.0,,14.0,18.0,,,,10.0,,5.0,6.0,,6.0,,28.0,16.0,,,5.0,,,1.0,3.0,9.0,475.0,138.0,77.0,447.0,1.0,,1.0,5.0,30.0,,23.0,,16.0,1.0,3.0,3.0,1.0,,,10.0,11.0,14.0,,,,,2083.0,29.7979704,-98.2690787
Comanche,,,,,,,,,,,,1.0,,,,,,,,,,,,,,,,,,,,,,,,2.0,,,,1.0,,,,,,,,,,,6.0,,,1.0,,,,,,,,,,,,,,,,,,,,,,,,,,1.0,,,,,,,,,,,,,,,,,,,,,,,,,,,,,,,,,,,,,,,,,,,,,,,,,,,1.0,,1.0,,,,,,,,,,4.0,,,1.0,,,,,,,,,,,,,,,,,,,,,,,19.0,31.9130171,-98.527388
Concho,,,,,,,,,,,,,,,,,,,,,,,,,,,,,,,,,,,,,,,,,,,,,,,,,,,7.0,,1.0,,,,,,,,,,,,,,,,,,,,,,,,,,,,,,,,,,,,,,,,,,,,,,,,,,,,,,,,,,,,,,,,,,,,,,,,,,,,,,,,,,,,,,,,,,,,,,,,,,,,,,,,,,,,,,,,,,,,8.0,31.3102947,-99.8507578
Cooke,,,,,,,,,,,,,,,1.0,,,1.0,,1.0,1.0,,,,,,,,,,,,4.0,,1.0,1.0,,,5.0,2.0,,,,,1.0,,,1.0,,2.0,2.0,,6.0,8.0,,,,,,,,,,,,,,,,1.0,1.0,1.0,,,,,,,,2.0,2.0,,1.0,,,1.0,1.0,,,1.0,,1.0,,,1.0,,,,,,,,,,1.0,,,,1.0,,,,,,,,1.0,1.0,,,,1.0,,,,,,,,,,,2.0,1.0,,,,,,,,,19.0,12.0,8.0,14.0,,,,,3.0,1.0,1.0,,,,,1.0,,,,1.0,,1.0,,,,,119.0,33.582486,-97.2055298
Coryell,2.0,,,,,,,,,,3.0,,,8.0,3.0,,,2.0,,,4.0,,,,,,,,,,,,1.0,,3.0,2.0,,1.0,14.0,6.0,,,,,,,,2.0,1.0,1.0,1.0,,8.0,5.0,,,,3.0,,,,,,,,,2.0,4.0,1.0,,,,,,,,,,1.0,7.0,8.0,,1.0,,5.0,1.0,,2.0,,1.0,,,,,,1.0,,,,,,,,1.0,,,1.0,,,,,,,,,1.0,,2.0,,,2.0,8.0,,,,,,,,,,,,,,,,,,,1.0,1.0,46.0,5.0,3.0,29.0,,,,1.0,4.0,,,,4.0,,,1.0,,,,,1.0,2.0,,,,,217.0,31.3689333,-97.8184077
Crockett,,,,,,,,,,,,,,,1.0,,,,,,,,,,,,,,,,,,,,,,,,,1.0,,,,,,,,,,,,,,1.0,,,,,,,,,,,,,,,,,,,,,,,,,,1.0,,,,,,,,,,,,,,,,,,,,,,,,,,,,,,,,,,,,,,,,,,,,,,,,,,,,,,,,,,,,,,,,,,1.0,,,,,,,,,,,,,,,,,,,,,,,5.0,30.6517377,-101.3766686
Crosby,,,,,,,,,,,,,,,,,,,,,,,,,,,,,,,,,1.0,,,,,,,,,,,,,,,,,,,1.0,,,,,,,,,,,,,,,,,,,,,,,,,,,,,,,,,,1.0,,,,,,,,,,,,,,,,,,,,,,,,,,,,,,,,1.0,,,,,,,,,,,,,,,,,,,,,,,,,,1.0,,1.0,,,,,,,,,,,,,,,,,,,,,,,6.0,33.5778818,-101.2855737
Culbertson,,,,,,,,,,,,,,,,,,,,,,,,,,1.0,,,,,,,,,,,,,1.0,,,,,,,,,,,,,,,,,,,,,,,,,,,,,,,,,,,,,,,,,1.0,,,,,,,,,,,,,,,,,,,,,,,,,,,,,,,,,,,,,,,,,,,,,,1.0,,,,,,,2.0,5.0,,,,,,,,,3.0,,1.0,1.0,,,,,,,,,,,,,,,,,,1.0,,,,,17.0,30.740576,-95.20895
Dallam,,,,,,,,,,,,,,,,,,,,,,,,,,,,,,,,,,,,,,,1.0,1.0,,,,,,,,,,,,,1.0,,,,,,,,,,,,,,,,,,,,,,,,,,,1.0,1.0,,,,,,,,,1.0,,,,,,1.0,,,,,,,,,,,,,,,,,,,,,,,,,,,,,,,,,,,,,2.0,,,,,,,,,1.0,2.0,1.0,1.0,3.0,,,,,,,,,,,,,,,,,,,,,,,17.0,36.3127064,-102.616685
Dallas,6.0,28.0,4.0,,32.0,121.0,144.0,4.0,96.0,5.0,194.0,64.0,63.0,176.0,235.0,17.0,43.0,363.0,10.0,109.0,121.0,271.0,42.0,33.0,57.0,194.0,,6.0,2.0,,9.0,22.0,247.0,5.0,267.0,524.0,10.0,9.0,448.0,349.0,,,,3.0,72.0,10.0,26.0,83.0,117.0,87.0,202.0,8.0,167.0,863.0,,,1.0,7.0,21.0,27.0,3.0,47.0,13.0,,2.0,4.0,100.0,260.0,58.0,5.0,9.0,102.0,4.0,9.0,3.0,,1.0,,41.0,652.0,784.0,4.0,189.0,21.0,188.0,49.0,10.0,27.0,16.0,21.0,39.0,34.0,42.0,1.0,40.0,21.0,,125.0,34.0,,1.0,6.0,17.0,102.0,74.0,104.0,261.0,4.0,19.0,36.0,8.0,4.0,1.0,1.0,,13.0,54.0,70.0,7.0,,97.0,432.0,,5.0,1.0,100.0,3.0,149.0,94.0,2.0,394.0,101.0,412.0,170.0,4.0,,25.0,3.0,,3.0,22.0,38.0,6570.0,2084.0,1171.0,5894.0,6.0,,35.0,47.0,265.0,,123.0,,284.0,25.0,43.0,39.0,14.0,,5.0,115.0,139.0,270.0,,1.0,2.0,,28951.0,32.7762719,-96.7968559
Dawson,,,,,,,,,,,,,,,,,,,,,1.0,,,,,,,,,,,,1.0,,,,,,,1.0,,,,,,,,,,,1.0,,,1.0,,,,,,,,,,,,,,,,,,,,,,,,,,1.0,1.0,,,,,,,,,,,,,,,,,,,,,,,,,,,,,,,,,,,,,,,,,,,,,,,,,,,,,,,,,,,,,,,,,1.0,,,,,,,,,,,,,,,,,,1.0,,,,,9.0,32.7410762,-101.9576048
Deaf Smith,,,,,,,,,,,,,,,,,,,,,,,,,,,,,,,,,,,1.0,,,,1.0,,,,,,,,,,1.0,,2.0,,2.0,1.0,,,,,,,,,,,,,1.0,1.0,,,,,,,,,,,,1.0,1.0,,,,,,,,,,,,,,1.0,,,,,,,,,,,,,,,,,,,,,,,,,,,,,,,,,,,,,,,,,,,,1.0,,,,2.0,2.0,,3.0,,,,,,,,,,,,,,,,,,,,,,,21.0,34.9323974,-102.5983118
Delta,,,,,,,,,,,,,,,,,,,,,,,,,,,,,,,,,,,,2.0,,,,2.0,,,,,,,,,,,,,1.0,,,,,,,,,,,,,,,,,1.0,,,,,,,,,,,,,1.0,,,,,,,,,,,,,,,,,,,,,,,,,,,,,,,,,,,,,,,1.0,,,,,,,,,,,,,,,,,,,,,3.0,,,2.0,,,,,1.0,,,,,,,,,,,,,,,,,,14.0,33.3926893,-95.6749486
Denton,4.0,14.0,3.0,1.0,11.0,63.0,51.0,,39.0,1.0,102.0,19.0,18.0,91.0,122.0,8.0,15.0,198.0,1.0,50.0,56.0,191.0,28.0,22.0,35.0,154.0,,1.0,2.0,,3.0,9.0,135.0,4.0,130.0,227.0,1.0,7.0,253.0,211.0,,1.0,,2.0,39.0,1.0,21.0,58.0,23.0,31.0,153.0,4.0,149.0,425.0,,,,3.0,20.0,30.0,1.0,10.0,3.0,,,,58.0,134.0,28.0,1.0,3.0,17.0,6.0,5.0,4.0,,,2.0,24.0,87.0,293.0,4.0,102.0,25.0,42.0,26.0,3.0,28.0,8.0,13.0,7.0,4.0,25.0,,37.0,10.0,,47.0,38.0,1.0,,4.0,6.0,60.0,31.0,51.0,122.0,1.0,10.0,16.0,6.0,5.0,,1.0,,8.0,27.0,52.0,6.0,,43.0,315.0,1.0,,1.0,63.0,,62.0,29.0,,157.0,121.0,178.0,126.0,2.0,,10.0,,,1.0,18.0,23.0,4511.0,1095.0,868.0,5863.0,2.0,,19.0,24.0,145.0,4.0,83.0,,214.0,13.0,21.0,19.0,7.0,,4.0,45.0,76.0,149.0,,,,,19054.0,33.1838787,-97.1413417
Dewitt,,,,,,,,,,,,,,,1.0,,,,,,1.0,,,,,,,,,,,,,,,,,,,,,,,,,,,,,1.0,,,1.0,2.0,,,,,,,,,,,,,,,,,,,,,,,,,,,1.0,,,,,,,,,,,,,,,,,,,,,,,,,,,,,,,,,,,,,1.0,,,,2.0,,,,,,,,,,,,,,,,,,,,,2.0,6.0,,5.0,,,,,,,,,,,,,,,,,,,,,,,23.0,29.0931328,-97.3158457
Dickens,,,,,,,,,,,,,,,,,,,,,1.0,,,,,,,,,,,,,,,,,,,,,,,,,,,,,,1.0,,,,,,,,,,,,,,,,,,,,1.0,,,,,,,,,,,,,,,,,,,,,,,,,,,,,,,,,,,,,,,,,,,,,,,,,,,,,,,,,,,,,,,,,,,,,,,,,,,,,,,,,,,,,,,,,,,,,,,,,,3.0,33.6170056,-100.7614115
Dimmit,,,,,,,,,,,,,,,1.0,,,,,,,,,,,,,,,,,,,,,,,1.0,,,,,,,,,,,,,,,,,,,,,,,,,,,,,,,,,,,,,,,,,,,,,,,,,,,,,,,,,,,,,,,,,,1.0,,,1.0,,,,,,,,,,,,,,,,,,,,,,,,,,,,,,,,,,,,1.0,,,,,,,,,,,,,,,,,,,,,,,,,,5.0,28.3821949,-99.7178226
Donley,,,,,,,,,,,,,,,,,,,,,,,,,,,,,,,,,,,,,,,,,,,,,,,,,,,,,,,,,,,,,,,,,,,,,,,,,,,,,,,,,,,,,,,,,,,,,,,,,,,,,,,,,,,,,,,,,,,,,,,,,,,,,,,,,,,,,1.0,,,,,,,,,,,,,,,,,,,,,,,,,,,,,,,,,,,,1.0,34.9315007,-100.8145306
Duval,,,,,,,,,,,,,,2.0,1.0,,,,,,,,,,,,,,,,,,,,,,,,,,,,,,,,,1.0,,,,,,,,,,,,,,,,,,,,,,,,,,,,,,,,,2.0,,,,,,,,,,,,,,,,,,,,,,,,,,,,,,,,,,,,,,,,,,,,,,,,,,,,,,,,,,,,,,1.0,1.0,,1.0,,,,,,,,,,,,,,,,,,,,,,,9.0,27.6708701,-98.5121975
Eastland,,,,,,,,,,,,,,,,,,,,,,,,,,,,,,,,,,,1.0,1.0,,,1.0,,,,,,,,,,,,5.0,,2.0,,,,,,,,,,,,,,,,,,,,,,,,,,,,,,,,,,,,,1.0,,,,,,,,,,,,,,,,,,,,,,,,,,,,,,,,,,,,,,,,,,,1.0,,,,,,,,,,7.0,1.0,,1.0,,,,,3.0,,,,1.0,,,,,,,,,,,,,,25.0,32.2978594,-98.8630896
Ector,,,,,,,,,1.0,,,,,9.0,6.0,,,5.0,2.0,1.0,,,,,3.0,2.0,,,,,,,3.0,,4.0,3.0,,,6.0,5.0,,,,,,,,1.0,1.0,1.0,9.0,,,16.0,,,,,2.0,3.0,,,,,,,3.0,6.0,3.0,,,,,,,,,,,12.0,10.0,,5.0,,,1.0,,,,,,,,,6.0,3.0,,,,,,,,1.0,1.0,1.0,,,1.0,2.0,1.0,,,,,,,2.0,,,,3.0,,,,,,,,,2.0,,,,,,,,,,,2.0,46.0,14.0,6.0,43.0,,,,1.0,7.0,,1.0,,3.0,,,,,,,,1.0,,,,,,270.0,31.8941755,-102.5794339
Edwards,,,,,,,,,,,,,,,,,,,,,,,,,,,,,,,,,,,,,,,,,,,,,,,,1.0,,,1.0,,,,,,,,,,,,,,,,,,,,,,,,,,,,,,,,,,,,,,,,,,,,,,,,,,,,,,,,,,,,,,,,,,,,,,,,,,,,,,,,,,,,,,,,,,,,,,,,,,,,,,1.0,,,,,,,,,,,,,,,,3.0,29.9116617,-100.3457636
El Paso,,1.0,,,7.0,18.0,14.0,,8.0,1.0,24.0,9.0,13.0,38.0,36.0,4.0,7.0,39.0,4.0,22.0,20.0,44.0,4.0,4.0,15.0,22.0,,,,,,9.0,46.0,3.0,46.0,70.0,3.0,8.0,102.0,80.0,,,,,16.0,1.0,,22.0,46.0,14.0,71.0,3.0,65.0,138.0,,,,2.0,5.0,6.0,1.0,2.0,,,1.0,3.0,19.0,51.0,33.0,3.0,4.0,9.0,,3.0,2.0,,,,7.0,99.0,198.0,,36.0,5.0,17.0,11.0,5.0,9.0,3.0,6.0,4.0,8.0,10.0,,13.0,3.0,,7.0,15.0,,,5.0,2.0,9.0,1.0,9.0,19.0,,2.0,5.0,,2.0,,,,6.0,5.0,15.0,1.0,,60.0,117.0,,,,7.0,,21.0,5.0,,46.0,,16.0,9.0,,,10.0,,,4.0,8.0,11.0,1029.0,175.0,129.0,744.0,,,14.0,9.0,63.0,1.0,34.0,,105.0,7.0,13.0,6.0,1.0,,1.0,20.0,31.0,31.0,,,,,4505.0,31.7601164,-106.4870404
Ellis,,1.0,,,,3.0,4.0,,1.0,,8.0,4.0,,7.0,14.0,,1.0,10.0,,3.0,3.0,15.0,4.0,,7.0,6.0,,,,,,3.0,16.0,2.0,12.0,25.0,,,40.0,15.0,,,,,1.0,,2.0,9.0,1.0,10.0,20.0,1.0,19.0,50.0,,1.0,,2.0,3.0,4.0,1.0,1.0,,,,,3.0,9.0,3.0,,1.0,,,,,,,1.0,1.0,8.0,36.0,,11.0,1.0,7.0,1.0,1.0,,1.0,1.0,3.0,,1.0,,1.0,1.0,,4.0,6.0,,,,1.0,3.0,3.0,3.0,10.0,,2.0,,,,,,,,3.0,4.0,,,6.0,24.0,,,,5.0,,,3.0,,8.0,,7.0,7.0,,,1.0,,,1.0,1.0,,319.0,79.0,50.0,221.0,1.0,,4.0,,15.0,,4.0,,23.0,2.0,1.0,1.0,1.0,,,,3.0,5.0,,,,,1251.0,32.3347829,-96.7920233
Erath,,,,,,,,,,,,,,,1.0,,,2.0,,,,,,,,,,,,,,2.0,1.0,,2.0,4.0,,,5.0,2.0,,,,,1.0,,,2.0,1.0,1.0,4.0,,3.0,5.0,,,,,,1.0,,,,,,,,1.0,1.0,,,,,,,,,,,3.0,3.0,,2.0,,,2.0,,,,,,,,,1.0,,,,,,,,,,,,,,,,,,,,,,,,,,1.0,2.0,,,,,,,,,1.0,,,,,,,,,,,,16.0,5.0,2.0,8.0,,,,,3.0,,1.0,,,1.0,,,,,,,,,,,,,90.0,32.1954856,-98.2213499
Falls,,,,,,,,,,,,,,,,,,1.0,,,,,,,,,,,,,,,,,,,,,,,,,,,,,,,,,1.0,,,1.0,,,,,,,,,,,,,,,,,,,,,,,,,,,1.0,,,,,,,,,,,,,,,1.0,,,,,,,,,,,,,,,,,,,,,,,,,,1.0,,,,,,,,,,,,,,,,,,,,,3.0,,,2.0,,,,,1.0,,,,,,,,,,,,,,,,,,12.0,31.2320941,-96.9262126
Fannin,,1.0,,,,,,,,,,,,3.0,1.0,,,,,,1.0,1.0,,,,,,,,,,,,,,3.0,,,6.0,1.0,,,,,,,,,,1.0,,,2.0,2.0,,,,,,,,,,,,,1.0,2.0,,,,,,,,,,,,1.0,3.0,,3.0,,,1.0,,,,,,,,,,,,,,,,,,,,,2.0,,,,,,,,,,,,,,,,,,,,,,,,,,,,,,,,,,2.0,,19.0,3.0,3.0,9.0,,,,,1.0,,,,,,,,,,,,,2.0,,,,,74.0,33.5372542,-96.0902822
Fayette,,,,,,,,,,,,,,1.0,1.0,,,,,,1.0,,,,,,,,,,,,,,,1.0,3.0,,2.0,,,,,,,,,,,,4.0,,,1.0,,,,,,,,,,,,,1.0,1.0,,,1.0,,,,,,,,,1.0,4.0,,,,2.0,,,,,,,,,,1.0,3.0,,,,,,,,1.0,,,,,,,,,,,,,,,,,,,,,,1.0,,,,,,,,,,,,,,,1.0,,13.0,2.0,1.0,16.0,,,,,1.0,,1.0,,,,,,,,,,1.0,,,,,,66.0,29.8381635,-96.9559692
Fisher,,,,,,,,,,,,,,,,,,,,,,,,,,,,,,,,,,,,,,,,,,,,,,,,,,,1.0,,,,,,,,,,,,,,,,,,,,,,,,,,,,,,,,,,,,,,,,,,,,,,,,,,,,,,,,,,,,,,,,,,,,,,,,,,,,,,,,,,,,,,,,,,,,,,,,,,,,,,,,,,,,,,,,,,,,,,1.0,32.7090882,-100.3811922
Floyd,,,,,,,,,,,,,,,,,,,,,,,,,,,,,,,,,,,,,,,,,,,,,,,,,,,3.0,,1.0,,,,,,,,,,,,,,,,,,,,,,,,,,,,,,,,,,,,,,,,,,,,,,,,,,,,,,,,,,,,,,,,,,,,,,,,,,,,,,,,,,,,,,,,,,1.0,,,1.0,,,,,1.0,,,,,,,,,,,,,1.0,,,,,8.0,34.0266015,-101.2765537
Foard,,,,,,,,,,,,,,,,,,,,,,,,,,,,,,,,,,,,,,,,,,,,,,,,,,,6.0,,,,,,,,,,,,,,,,,,,,,,,,,,,,,,1.0,,,,,,,,,,,,,,,,,,,,,,,,,,,,,,,,,,,,,,,,,,,,,,,,,,,,,,,,,,,,,,1.0,,,,,,,,,,,,,,,,,,,,,,,,,,8.0,33.9502317,-99.7310158
Fort Bend,7.0,7.0,4.0,1.0,16.0,65.0,29.0,1.0,48.0,,84.0,48.0,17.0,67.0,78.0,10.0,13.0,119.0,8.0,30.0,38.0,128.0,19.0,18.0,35.0,88.0,,1.0,,,1.0,11.0,118.0,4.0,83.0,96.0,1.0,6.0,113.0,141.0,,,2.0,1.0,4.0,3.0,22.0,27.0,17.0,25.0,130.0,3.0,52.0,278.0,,,,,9.0,19.0,,4.0,5.0,,,,67.0,128.0,53.0,2.0,1.0,7.0,4.0,4.0,1.0,,,,13.0,58.0,206.0,2.0,69.0,24.0,37.0,14.0,2.0,15.0,7.0,6.0,9.0,6.0,33.0,1.0,33.0,10.0,,30.0,25.0,,,7.0,6.0,70.0,29.0,69.0,142.0,2.0,7.0,35.0,4.0,7.0,1.0,2.0,,3.0,16.0,26.0,,,77.0,150.0,,,1.0,36.0,,45.0,26.0,,129.0,2.0,109.0,60.0,3.0,,8.0,,,2.0,8.0,29.0,3667.0,842.0,790.0,5155.0,,,11.0,23.0,76.0,1.0,66.0,,209.0,3.0,11.0,18.0,2.0,,2.0,15.0,36.0,80.0,,,,,15139.0,29.511218,-95.7807348
Franklin,,,,,,,,,,,,,,,,,,,,,,,,,,,,,,,,,,,1.0,,,,,1.0,,,,,,,,1.0,,1.0,,,,,,,,,,,,,,,,,,,,,,,,,,,,,,1.0,,,1.0,,,,,,,,,,,,,,,1.0,,,,,,,,,,,,,,,,,,,,,,,,,,,,,,,,,,,,1.0,,,,,,,,,5.0,1.0,,2.0,,,,1.0,1.0,,,,,,,,1.0,,,,1.0,,,,,,20.0,33.2002659,-95.2231752
Freestone,,,,,,,,,,,,,,1.0,,,,,,,,,,,,,,,,,,,,,,1.0,,,1.0,1.0,,,,,,,,,,,1.0,,1.0,,,,,,,,,,,,,,,,,,,,,,,,,,,,4.0,,,,,,,,,,,1.0,,,1.0,1.0,,,,,,,,,,,,,,,,,,,,,,,,,1.0,2.0,,,,,,,,,,,,,,,,,,,,,8.0,4.0,,6.0,,,1.0,,1.0,,,,,,,,,,,,,,,,,,36.0,31.6924428,-96.1629601
Frio,,,,,,,,,,,,,,,,,,,,,,,,,,,,,,,,,,,,,,,,,,,,,,,,,,,3.0,,1.0,,,,,,,,,,,,,,1.0,,,,,,,,,,,,,,1.0,,,,,,,,,,,,,,,,,,,,,,,,,,,,,,,,,,,,,,,,,,,,,,,,,,,,,,,,,,,,,,9.0,1.0,,1.0,,,,,1.0,,,,,,,,,,,,,,,,,,18.0,28.8352831,-99.1226618
Gains,,,,,,,,,,,,,,2.0,,,,,,,,,,,,,,,,,,,,,1.0,,,,1.0,1.0,,,,,,,,1.0,,,2.0,,1.0,,,,,,,,,,,,,,,,,,,,,,,,,,,2.0,3.0,,,,,,,,,,,,,,,,,,1.0,,,,,,,,,,,,,,,,,,,,,,,,,,,,,1.0,1.0,,,,,,,,,,,,,,3.0,5.0,,4.0,,,,,,,1.0,,,,,,,,,,,,,,,,30.0,30.094364,-95.212406
Galveston,2.0,,,,1.0,5.0,8.0,,7.0,,14.0,4.0,2.0,16.0,13.0,,1.0,28.0,,9.0,8.0,23.0,1.0,,5.0,14.0,,,,,2.0,2.0,35.0,,21.0,49.0,,1.0,53.0,23.0,,,,1.0,2.0,,,15.0,8.0,7.0,48.0,,23.0,61.0,,3.0,,4.0,2.0,4.0,,2.0,,,,,11.0,22.0,4.0,3.0,,4.0,,1.0,,,,,3.0,21.0,75.0,,12.0,9.0,19.0,10.0,1.0,2.0,2.0,4.0,,2.0,2.0,,8.0,7.0,,13.0,5.0,,,,2.0,4.0,2.0,9.0,18.0,,,2.0,,4.0,,,,1.0,7.0,5.0,,,4.0,29.0,,,,5.0,,6.0,5.0,,20.0,235.0,16.0,17.0,,,2.0,1.0,,,5.0,10.0,488.0,170.0,82.0,479.0,,,7.0,7.0,32.0,,22.0,,44.0,2.0,4.0,2.0,3.0,,,9.0,6.0,8.0,,,,,2541.0,29.3872254,-94.992736
Garza,,,,,,,,,,,,,,,,,,,,,,,,,,,,,,,,,,,,,,,,,,,,,,,,,,,1.0,,,,,,,,,,,,,,,,,,,,,,,,,,,,,1.0,,,,,,,,,,,,,,,,,,,,,,,,,,,,,,,,,,,,,,,,,,1.0,,,,,,,,,,,,,,,,,,,,,,,,,,,,,,,,,,,,,,,,,,,,,,,3.0,33.1414018,-101.287742
Gillespie,,,,,,,1.0,,,,2.0,1.0,,,,,,2.0,,2.0,,,,,2.0,,,,,,,,,,2.0,3.0,,,4.0,3.0,,,,,,,,1.0,,3.0,7.0,,4.0,5.0,,,,,,,,,,,,1.0,,,1.0,,,,,,,,,,1.0,1.0,5.0,,1.0,,,,,1.0,,,2.0,,,,3.0,1.0,,,1.0,,,,,,,,2.0,,,,,,,,,,3.0,,,,,1.0,,,,,,,1.0,,1.0,,3.0,4.0,,,,,,,,1.0,32.0,10.0,13.0,27.0,,,1.0,,3.0,,3.0,,1.0,,1.0,,,,,,2.0,1.0,,,,,170.0,30.2954086,-98.9086643
Goliad,,,,,,,,,,,,,,,,,,,,,,,,,,,,,,,,,,,,,,,,,,,,,,,,,,,1.0,,,,,,,,,,,,,,,,,1.0,,,,,,,,,,,,,,,,,,,,,,,,,,,,,,,1.0,,,,,,,,,,,,,,,,,,,,,,,,,,,,,,,,,,,,,,,,,,,,,,,2.0,,,,,,,,,,,,,,,,,,,,,,,5.0,28.6467776,-97.4379552
Gonzales,,,,,,,,,,,,,,,,,,,,,,,,,,,,,,,,,,,,1.0,,,,2.0,,,,,,,,,,,3.0,,2.0,,,,,,,,,,,,,,,,,,,,,,,,,,,,1.0,,,,,,,,,,,,,,1.0,,,,,,,,,,,,,,,,,,,,,,,,,,,2.0,,,,,,,,,1.0,,,,,,,,,,,,5.0,1.0,,6.0,,,,,2.0,,,,,,,,,,,,,,,,,,27.0,29.4436555,-97.5108636
Gray,,,,,,,,,,,,,,,,,,,,,,,,,,,,,,,,,,1.0,1.0,1.0,,,1.0,,,,,,,,,,1.0,,1.0,,,3.0,,,,,,,,,,,,,,,,,,,,,,,,,,,2.0,,,,,,,,,,,,,,,,,,1.0,,,,1.0,,,,,,,,,,,,,,,1.0,,,,,,,,,,,,,,,,,,,,,,,,,5.0,2.0,1.0,4.0,,,,,,,2.0,,,,,,,,,,,,,,,,28.0,35.3711816,-100.7892236
Grayson,,,,,1.0,1.0,2.0,,,,1.0,1.0,,2.0,5.0,,,2.0,,2.0,4.0,2.0,2.0,,,,,,,,,,5.0,,16.0,21.0,,1.0,23.0,18.0,,,,,2.0,1.0,,10.0,,4.0,11.0,1.0,20.0,23.0,,,,,1.0,2.0,,,,,,,5.0,3.0,,1.0,2.0,,1.0,,2.0,,,,1.0,9.0,22.0,,7.0,2.0,5.0,3.0,,2.0,,,,,,,4.0,1.0,,2.0,,,,,1.0,1.0,,,1.0,,,,,,,,,,,2.0,,,5.0,17.0,,,,2.0,,,1.0,,1.0,,4.0,1.0,,,,,,,2.0,6.0,142.0,36.0,10.0,109.0,,,,3.0,8.0,,3.0,,7.0,,,,1.0,,,1.0,1.0,2.0,,,,,623.0,33.5636114,-96.6702111
Gregg,,,,,,,,,,,1.0,,,2.0,3.0,,,6.0,,,1.0,1.0,,,1.0,1.0,,,,,1.0,,4.0,,5.0,10.0,,,9.0,8.0,,,,,1.0,,,2.0,,1.0,8.0,,6.0,17.0,,,,,,1.0,,,,,,,3.0,,,,,,,,,,,,,15.0,15.0,,4.0,,5.0,1.0,,2.0,,,,,,,2.0,,,3.0,3.0,,,,,,1.0,1.0,,,,,,,,,,,,14.0,,,,6.0,,,,,,1.0,1.0,,6.0,,,2.0,,,2.0,,,1.0,,,70.0,24.0,11.0,63.0,,,1.0,,7.0,,5.0,,4.0,,1.0,1.0,,,,,2.0,5.0,,,,,371.0,32.4492408,-94.8532848
Grimes,,,,,,1.0,,,,,,,1.0,1.0,,,,2.0,,3.0,,,,,,,,,,,,,1.0,,,4.0,,,2.0,,,,,,,,,,,,3.0,,1.0,3.0,,,,,,,,,,,,,,,1.0,,,1.0,,,,,,,,1.0,7.0,,1.0,,,1.0,,1.0,,,,,,,,,,,,,,,,1.0,,,,,,,,,,,,1.0,,1.0,,,,3.0,,,,,,,,,1.0,,,1.0,,,,,,,,,12.0,5.0,4.0,16.0,,,,,1.0,,,,,,,,,,,,1.0,,,,,,82.0,30.5169334,-95.9943034
Guadalupe,,1.0,1.0,,1.0,7.0,4.0,,3.0,,8.0,5.0,2.0,9.0,6.0,1.0,1.0,10.0,,2.0,3.0,4.0,1.0,,1.0,2.0,,,,,,,7.0,2.0,12.0,19.0,,,27.0,18.0,,,,,2.0,,1.0,3.0,,7.0,20.0,1.0,16.0,36.0,,,,,,,,,,,,,3.0,10.0,2.0,,1.0,2.0,1.0,1.0,,,,,1.0,8.0,27.0,,2.0,1.0,1.0,1.0,2.0,1.0,2.0,,,,,,7.0,1.0,,2.0,1.0,,,,,1.0,3.0,3.0,4.0,,1.0,1.0,,,,,,1.0,1.0,4.0,1.0,,2.0,20.0,,,,5.0,,3.0,,,2.0,,4.0,4.0,,,1.0,,,,1.0,4.0,243.0,58.0,33.0,225.0,,,1.0,5.0,15.0,,8.0,,12.0,1.0,2.0,,1.0,,1.0,1.0,3.0,5.0,,,,,1000.0,29.6480061,-97.8279576
Hale,,,,,,,,,,,,,,1.0,1.0,,,,,,,,,,,,,,,,,,,,,1.0,,,5.0,2.0,,,,,,,,,,1.0,9.0,,2.0,1.0,,,,,,,,,,,,,1.0,,,,,,,,,,,,,1.0,2.0,,,,,,,1.0,,1.0,,,,,,,,1.0,,,,,,,,,,,,,,,,,,,,,,,,,,,,,,,,,,,,,,,,,,,,,4.0,2.0,2.0,2.0,,,,,1.0,,,,1.0,,,,,,,1.0,,,,,,,43.0,34.0321298,-101.8088827
Hall,,,,,,,,,,,,,,,,,,,,,,,,,,,,,,,,,,,,,,,,,,,,,,,,,,,,,,,,,,,,,,,,,,,,,,,,,,,,,,,,,,,,,,,,1.0,,,,,,,,,,,,,,,,,,,,,,,,,,,,,,,,,,,,,,,,,,,,,,,,,,,,,,,,,,1.0,,,,,,,,,,,,,,,,,,,,,,,2.0,34.5036637,-100.6536777
Hamilton,,,,,,,,,,,,,,,,,,,,,,,,,,,,,,,,,,,1.0,,,,1.0,,,,,,,,,,,,,,,,,,,,,,,,,,,,,,,,,,,,,,,,,1.0,,,,,,,,,,,,,,,,1.0,,,,,,,,,,,,,,,,,,,,,,,,,,,,,,,,,,,,,,,,,,,,,,,5.0,2.0,1.0,3.0,1.0,,,,1.0,,,,,,,,,,,,,,,,,,17.0,31.6429346,-97.9715967
Hansford,,,,,,,,,,,,,,,,,,,,,,,,,,,,,,,,,,,,,,,,,,,,,,,,,,,,,,1.0,,,,,,,,,,,,,,,,,,,,,,,,,,,1.0,,,,,,,,,,,,,,,,,,,,,,,,,,,,,,,,,,,,,,,,,,,,,,,,,,,,,,,,,,,,,,,,,,,,,,1.0,,,,,,,,,,,,,,,,,,3.0,36.2563401,-101.3621472
Hardeman,,,,,,,,,,,,,,,,,,,,,,,,,,,,,,,,,,,,,,,,,,,,,,,,,,,,,,,,,,,,,,,,,,,,,,,,,,,,,,,,,,,,,,,,,,,,,,,,,,,,,,,,,,,,,,,,,,,,,,,,,,,,,,,,,,,,,,,,,,,,,,,,,,,,,,,1.0,,,,,,,,,,,,,,,,,,1.0,34.2510707,-99.7322571
Hardin,,,,,,,,,,,,,,3.0,3.0,,,1.0,,,,,,,1.0,,,,,,,,1.0,,,1.0,,,3.0,,,,,,,,,,,1.0,2.0,,3.0,2.0,,,,,,,,,,,,,,,,1.0,,,,,,,,,,4.0,9.0,,3.0,,1.0,,,,,,,,,,2.0,,,,,,,,,,,,1.0,,,,,,,,,,,,,,2.0,1.0,,,,,,,,,,,2.0,1.0,,,,,,,,,29.0,3.0,4.0,16.0,,,,1.0,6.0,,3.0,,1.0,,,,,,,,1.0,1.0,,,,,113.0,30.3049642,-94.403904
Harris,23.0,44.0,7.0,4.0,46.0,165.0,139.0,1.0,150.0,9.0,325.0,116.0,87.0,242.0,220.0,24.0,44.0,404.0,19.0,157.0,170.0,340.0,54.0,35.0,90.0,225.0,,4.0,4.0,,10.0,38.0,276.0,8.0,545.0,659.0,14.0,21.0,531.0,423.0,1.0,1.0,,3.0,39.0,9.0,36.0,127.0,115.0,114.0,510.0,7.0,283.0,791.0,,2.0,,12.0,30.0,34.0,37.0,23.0,21.0,,,4.0,146.0,412.0,135.0,12.0,18.0,147.0,4.0,9.0,4.0,10.0,,,51.0,414.0,906.0,8.0,213.0,42.0,130.0,86.0,8.0,35.0,17.0,39.0,31.0,44.0,60.0,1.0,77.0,28.0,,106.0,77.0,1.0,,6.0,5.0,208.0,92.0,187.0,393.0,2.0,25.0,68.0,12.0,12.0,,4.0,1.0,21.0,80.0,63.0,12.0,,157.0,595.0,,,2.0,131.0,4.0,195.0,98.0,1.0,473.0,886.0,489.0,245.0,6.0,,17.0,1.0,,10.0,45.0,72.0,9177.0,2528.0,1720.0,8463.0,10.0,,83.0,71.0,343.0,2.0,213.0,,653.0,29.0,51.0,46.0,9.0,,8.0,121.0,192.0,351.0,,,,,39831.0,29.8119769,-95.3741247
Harrison,,1.0,,,,1.0,,,,,,,,,1.0,,,3.0,,2.0,2.0,,,,,1.0,,,,,,,,1.0,,1.0,,,3.0,3.0,,,,,1.0,,,,,,3.0,,5.0,5.0,,,,,,,,,,,,,1.0,1.0,,,,,,,,,,,,2.0,8.0,,,,,1.0,,,,,,,,,3.0,,,1.0,,,,,,,,1.0,,,,,,,,,,,,,,,,4.0,,,,,,1.0,,,,,,1.0,,,,,,,,,26.0,15.0,7.0,21.0,1.0,,1.0,1.0,6.0,,3.0,,1.0,,,,,,,,1.0,2.0,,,,,142.0,32.5233959,-94.3982158
Hartley,,,,,,,,,,,,,,,,,,,,,,,,,,,,,,,,,,,,,,,,,,,,,,,,,,,,,,,,,,,,,,,,,,,,,,,,,,,,,,,,1.0,,,,,,,,,,,,,,,,,,,,,,,,,,,,,,,,,,,,,,,,,,,,,,,,,,,,,,1.0,,,,,,,,,2.0,,,,,,,,,,,,,,,,,,,,,,,,,,4.0,35.8418438,-102.6145811
Haskell,,,,,,,,,,,,,,,,,,,,,1.0,,,,,,,,,,,,,,,,,,,,,,,,,,,,,,,,2.0,,,,,,,,,,,,,,,,,,,,,,,,,,,,2.0,,,,,,,,,,,,,,,,,,,,,,,,,,,,,,,,,,,,,,,,,,,,,,,,,,,,,,,,,,,,,,,,1.0,1.0,,,,,,,,,,,,,,,,,,,,,,,7.0,33.1542164,-99.7199972
Hays,3.0,6.0,,,3.0,14.0,19.0,,8.0,,22.0,6.0,7.0,19.0,23.0,,7.0,46.0,2.0,12.0,16.0,33.0,3.0,,4.0,10.0,,,2.0,,,1.0,16.0,1.0,47.0,67.0,,4.0,95.0,52.0,,,,2.0,3.0,,3.0,19.0,2.0,15.0,54.0,,40.0,87.0,,,,1.0,2.0,3.0,,,1.0,,,,24.0,42.0,10.0,,4.0,7.0,1.0,2.0,,,,,3.0,15.0,70.0,,20.0,1.0,15.0,19.0,2.0,7.0,5.0,4.0,,5.0,1.0,,9.0,6.0,,2.0,11.0,,,,1.0,8.0,6.0,2.0,6.0,,1.0,2.0,,1.0,,,,3.0,4.0,8.0,1.0,,8.0,74.0,,,,16.0,,7.0,3.0,,19.0,56.0,50.0,47.0,,,1.0,,,3.0,4.0,23.0,760.0,188.0,108.0,747.0,1.0,,6.0,11.0,47.0,1.0,31.0,,59.0,5.0,8.0,3.0,1.0,1.0,1.0,10.0,14.0,37.0,,,,,3458.0,30.0447901,-98.0393127
Hemphill,,,,,,,,,,,,,,,1.0,,,,,,,,,,,,,,,,,,,,,,,,,1.0,,,,,,,,,,,,,,,,,,,,,,,,,,,,,,,,,,,,,,,,1.0,,,,,,,,,,,,,,,,,,,,,,,,,,,,,,,,,,,,,,,,,,,,,,,,,,,,,,,,,,,,,,,2.0,,,,,,,,,,,,,,,,,,,,,1.0,,,,,6.0,35.8293476,-100.2564532
Henderson,1.0,,,,,,2.0,,,,1.0,,,2.0,1.0,,,1.0,,1.0,,1.0,,1.0,,1.0,,,,,,,3.0,,3.0,6.0,,,11.0,3.0,,,,,,,,4.0,,,5.0,,6.0,3.0,,,,1.0,,,,,,,,,5.0,,,,,,,1.0,,,,,,2.0,7.0,,1.0,,2.0,,,,,1.0,,,,,2.0,,,1.0,,,,,,,,,,,,,,,,,,,,,,,1.0,5.0,,,,1.0,,1.0,,,1.0,,2.0,1.0,,,,,,,,,37.0,23.0,4.0,17.0,,,,,6.0,1.0,4.0,,4.0,,,,1.0,,,,1.0,1.0,,,,,190.0,32.182598,-95.7893178
Hidalgo,3.0,1.0,,,3.0,12.0,10.0,,8.0,1.0,12.0,4.0,1.0,31.0,19.0,3.0,1.0,27.0,4.0,8.0,9.0,32.0,4.0,,10.0,24.0,,,,,2.0,3.0,39.0,3.0,21.0,35.0,,2.0,42.0,44.0,,3.0,,,4.0,,1.0,11.0,4.0,16.0,75.0,1.0,15.0,98.0,1.0,,,2.0,2.0,17.0,,,1.0,,,,8.0,22.0,25.0,,,5.0,,,,,,1.0,2.0,108.0,223.0,,18.0,1.0,4.0,8.0,,1.0,1.0,3.0,5.0,5.0,13.0,,7.0,2.0,,7.0,6.0,,,2.0,,3.0,4.0,6.0,15.0,,1.0,7.0,,,,,,3.0,2.0,8.0,,,18.0,23.0,,,,2.0,,10.0,6.0,,15.0,,8.0,9.0,,,3.0,,,,2.0,5.0,636.0,114.0,107.0,537.0,,,6.0,7.0,28.0,,15.0,,31.0,,5.0,4.0,,,,3.0,13.0,26.0,,,,,2828.0,26.3530256,-98.216445
Hill,,,,,,,,,,,1.0,,1.0,,1.0,,,,,,,,,,1.0,,,,,,,,,,2.0,4.0,,,6.0,2.0,,,,,,1.0,,2.0,1.0,,,,3.0,4.0,,,,,1.0,,,,,,,,,,,,1.0,,,,,,,,,2.0,6.0,,,,,,,2.0,,,,,,,1.0,,,,,,,,,,,,,,,,,,,,,,,2.0,,,2.0,4.0,,,,,,,,,,,,,,,1.0,,,1.0,,1.0,19.0,3.0,3.0,11.0,,,,,6.0,,2.0,,,,,,,,,,,1.0,,,,,98.0,31.9595085,-97.0881654
Hockley,,,,,,,,,,,,,,,,,,,,,1.0,,,,,,,,,,,,,,,,,,2.0,,,,,,,,,,1.0,1.0,2.0,,,2.0,,,,,,,,,,,,,,,,,,,1.0,,,,,,,1.0,1.0,,1.0,,,,,,,,,,,,1.0,,,,,,,,,,,,,,,,,,,,,,,,,,,,,,,,,,,,,,,,,,,,,,,,3.0,,2.0,1.0,,,,1.0,1.0,,,,1.0,,,,,,,,,,,,,,23.0,33.5714311,-102.3110415
Hood,,1.0,,,,1.0,3.0,,,,2.0,,1.0,2.0,3.0,,,7.0,1.0,1.0,3.0,4.0,1.0,,,1.0,,,,,,,3.0,1.0,3.0,12.0,,,8.0,5.0,,,,,3.0,,1.0,4.0,,5.0,5.0,,8.0,6.0,,,,,,1.0,,,,,,,,9.0,1.0,,,1.0,1.0,1.0,,,,,,3.0,20.0,,11.0,1.0,1.0,3.0,,1.0,,1.0,,1.0,1.0,,5.0,2.0,,,1.0,,,,,,,,2.0,,,1.0,,,,,,1.0,,,,,3.0,10.0,,,,,,,,,1.0,,5.0,2.0,,,1.0,,,,,1.0,78.0,19.0,8.0,53.0,,,1.0,,6.0,,3.0,,3.0,,,,,,,2.0,5.0,5.0,1.0,,,,371.0,32.4107555,-97.828282
Hopkins,,1.0,,,,,,,,,,,,,1.0,,,,,1.0,,,,,,,,,,,,,1.0,,,4.0,,,2.0,3.0,,,,,,,,,,1.0,1.0,,3.0,1.0,,,,,,1.0,,,,,,,1.0,1.0,,,,,,1.0,,,,,,,5.0,,,,,,,,,,,,,,,,,,,,,,,,,,,,,,,,,,,,,,,,,,,,,1.0,,1.0,,,1.0,,1.0,,,,,,,,,,27.0,4.0,3.0,9.0,,,1.0,1.0,1.0,,,,2.0,1.0,,,,,,,1.0,1.0,,,,,83.0,33.1368252,-95.5656578
Houston,,,,,,,,,,,,,,,,,,,,,,,,,,,,,,,,,,,1.0,2.0,,,2.0,,,,,,,,,,,,,,1.0,,,,,,,,,,,,,,,,,,,,,,,,,,,,,,,,,,,,,,,,,,,,,,,,,,,,,,,,,,,,,,,,,,,,,1.0,,,,,,,,,,,1.0,,,,,,,,,,3.0,,,4.0,,,,,,,,,,,,,,,,,,,,,,,15.0,29.7589382,-95.3676974
Howard,,,,,,,,,,,,,,2.0,1.0,,1.0,2.0,,,,,,,,,,,,,,,,,1.0,3.0,,,,,,,,,1.0,,,1.0,,,,,1.0,3.0,,,,,1.0,,,,,,,,,,,,,,,,,,,,,3.0,4.0,,,,,,,,,,,,,,1.0,,,,1.0,,,,,1.0,,1.0,,,,1.0,,,,,,,,,,,,1.0,,,,,,,,,,,,,,,,,,,,,6.0,1.0,,9.0,,,1.0,2.0,5.0,,,,,,,1.0,,,,,,1.0,,,,,56.0,32.3047833,-101.4271085
Hudspeth,,,,,,,,,,,,,,,,,,,,,,,,,,,,,,,,,,,,,,,,,,,,,,,,,,1.0,,,,,,,,,,,,,,,,,,,,,,,,,,,,,,,,,,,,,,,,,,,,,,,,,,,,,,,,,,,,,,,,,,,,,,,,1.0,,,,,,,,,,,,,,,,,,,,,,,,,,,,,,,,,,,,,,,,,,,,,,,2.0,31.5388627,-105.4752945
Hunt,,,,,,,1.0,,,,,,,2.0,,,,1.0,,,3.0,2.0,,,,,,,,,,,2.0,2.0,7.0,20.0,,1.0,20.0,7.0,,,,,1.0,,,3.0,1.0,2.0,5.0,,7.0,16.0,,,,,1.0,,,,,,,,2.0,2.0,1.0,,,1.0,,,,,,,,3.0,14.0,,,,2.0,2.0,,,,,,,,,3.0,,,,,,,,,,,2.0,,,,,,,,,,,,1.0,,,1.0,6.0,,,,2.0,,1.0,1.0,,1.0,,,,,,,,,,1.0,1.0,95.0,16.0,7.0,55.0,,,1.0,,12.0,,1.0,,5.0,1.0,,1.0,,,,,,,,,,,345.0,33.1161567,-96.0808922
Hutchinson,,,,,,,,,,,,,,,,,,,,,,,,,,,,,,,,,,,,,,,1.0,,,,,,,,,,,,,,1.0,,,,,,,,,,,,,,,,,,,,,,,,,,,2.0,1.0,,,,,,,1.0,,,,,,,3.0,,,,,,,,,,,,,,,,,,,,,1.0,,,,,,,,,,,,,,,,,,,,,,,,,,,4.0,1.0,,1.0,,,,,2.0,,1.0,,,,,,,,,,,,,,,,19.0,35.8148236,-101.34844
Irion,,,,,,,,,,,,,,,,,,,,,,,,,,,,,,,,,,,,,,,,,,,,,,,,,,,,,,,,,,,,,,,,,,,,,,,,,,,,,,,,,,,,,,,,,,,,,,,,,,,1.0,,,,,,,,,,,,,,,,,,,,,,,,,,,,,,,,,,,,,,,,,,,,,,,,,,,,,,,,,,,,,,,,,,,,,,1.0,31.2931196,-100.980073
Jack,,,,,,,,,,,,,,,1.0,,,,,,,,,,,1.0,,,,,,,,,,,,,,,,,,,,,,1.0,,,,,3.0,,,,,,,,,,,,,,,,,,,,,,,,,,,,,,,,,1.0,,,,,,,,,,,,,,,,,,,,,,,,,,,,,,,,,,,,,,,,,,,,,,,,,,,,,,,,,2.0,,,,,,,,,,,,,,,,,,,,,,,,,,9.0,33.2127019,-98.1639199
Jackson,1.0,,,,,,,,,,,,,,,,,,,,,,,,,,,,,,,,,,,,,,,,,,,,,,,,,,1.0,,,,,,,,,,,,,,,,,,,,,,,,,,,,,,2.0,,,,,,,,,,,,,,,,,,,,,,,,,,,,,,,,,,,,,,,,,,,,,,,,,,,,,,,,,,,,,,3.0,2.0,,3.0,,,,,,,,,,,,1.0,,,,,,,,,,,13.0,28.9224028,-96.55561
Jasper,,,,,,,,,,,,,,,,,,,,,,,,,,,,,,,,,2.0,,,,,,5.0,,,1.0,,,,,,,,,,,,,,,,,1.0,,,,,,,,1.0,,,,,,,,,,,,,,2.0,,2.0,1.0,,,,,,,,,,,1.0,,,,,,,,,,,,,,,,,,,,,,,,2.0,,,,,,,,,,,,,,,,,,,,,,,,10.0,,1.0,5.0,,,,1.0,1.0,,1.0,,1.0,,,1.0,,,,,,,,,,,39.0,30.7485258,-94.000884
Jeff Davis,,,,,,,,,,,,,,,,,,,,,,,,,,,,,,,,,,,,2.0,,,,,,,,,,,,1.0,,,,,,,,,,,,,,,,,,,,,,,,,,,,,,,,,2.0,,,,,,,,,,,,,,,,,,,,,,,,,,,,,,,,,,,,,,,,,,,,,,,,,,,,,,,,,,,,,,2.0,,,3.0,,,,,,,1.0,,,,,,,,,1.0,1.0,,,,,,13.0,30.7018281,-104.150169
Jefferson,,1.0,,,,3.0,3.0,,,,1.0,,,1.0,2.0,1.0,,10.0,,2.0,5.0,1.0,,1.0,2.0,2.0,,,,,,2.0,4.0,,23.0,9.0,,,14.0,15.0,,,,,2.0,1.0,,2.0,2.0,4.0,10.0,,7.0,5.0,,,,1.0,2.0,1.0,,,1.0,,,,3.0,3.0,,,,,,,,,,,1.0,5.0,13.0,,10.0,,3.0,,1.0,,,2.0,1.0,1.0,,,6.0,1.0,,1.0,,,,,,,1.0,3.0,7.0,,1.0,,,,,,,,,1.0,,,2.0,8.0,,,,,,,1.0,,,,6.0,2.0,,,,,,,1.0,,110.0,38.0,27.0,114.0,,,2.0,1.0,5.0,,4.0,1.0,5.0,,1.0,,1.0,,,2.0,2.0,2.0,,,,,539.0,29.834772,-94.1704496
Jim Hogg,,,,,,,,,,,,,,,,,,,,,,,,,,,,,,,,,,,,,,,,,,,,,,,,,,,,,,,,,,,,,,,,,,,,,,,,,,,,,,,,,,,,,,,,,,,,,,,,,,,,,,,,,,,,,,,,,,,,,,,,,,,,,,,,,,,,,,,,,,,,,,,,,,2.0,,,,,,,,,,,,,,,,,,,,,,,2.0,27.0065425,-98.7047316
Jim Wells,,,,,,,1.0,,,,,,,,,,,,,,2.0,1.0,,,1.0,,,,,,,,,,,,,,1.0,1.0,,,,,,,,1.0,,,1.0,,,2.0,,,,,2.0,,,,,,,,1.0,,,,,,,,,,,,,2.0,2.0,,1.0,,,,,,,,,,,,,,,,,,,,,,,,,,,,,,,,,,,1.0,,,,,,,,1.0,,,,,,,,,,,,,,,,,11.0,4.0,2.0,4.0,,,1.0,,,,,,4.0,,,,,,,,,,,,,,47.0,27.8067733,-98.1084601
Johnson,,1.0,1.0,,,1.0,1.0,,1.0,,3.0,1.0,,4.0,4.0,,,4.0,,,1.0,5.0,,,2.0,2.0,,,,,,2.0,2.0,,4.0,13.0,,,28.0,14.0,,,,,5.0,,,10.0,2.0,7.0,19.0,,10.0,36.0,,,,1.0,1.0,1.0,,,,,,,4.0,11.0,5.0,,,,,,,,,,2.0,8.0,33.0,,13.0,,4.0,4.0,,,,1.0,,,1.0,,3.0,,,1.0,4.0,,,,1.0,4.0,1.0,2.0,2.0,,,2.0,1.0,,,,,1.0,1.0,5.0,1.0,,8.0,17.0,,,,1.0,,1.0,3.0,,6.0,9.0,6.0,7.0,1.0,,2.0,,,,1.0,5.0,240.0,45.0,32.0,129.0,,,1.0,1.0,13.0,,5.0,,15.0,,1.0,,,,,,4.0,4.0,,,,,858.0,32.3766071,-97.3568623
Jones,,,,,,,,,,,,,,,,,,,,,,,,,,,,,,,,,,,,1.0,,,2.0,2.0,,,,,,,,,1.0,,,,,1.0,,,,,,1.0,,,,,,,,,,,,,,,,,,,,,,,1.0,,,,,,,,,,,,1.0,,,,,,,,,,,,,,,,,,,,,,,,,,,,,,,,,,,,,,1.0,,,,,,,,,,1.0,,,2.0,,,,,1.0,,1.0,,1.0,,,,,,,,,,,,,,17.0,32.7135946,-99.8606106
Karnes,,,,,,,,,,,,,,,,,,,,1.0,1.0,,,,,,,,,,,,,,,2.0,,,,,,,,,,,,,,,4.0,,,,,,,,,,,,,,,,,1.0,,,,,,,,,,,,,4.0,,,,,,,,,,,,,,,,,,,,,,,,,,,,,,,,,,,,,,,,,,,,,,,,,,,,,,,,,,,,,,3.0,,,2.0,,,,,,,2.0,,,,,,,,,,,,,,,,20.0,28.8791858,-97.9062893
Kaufman,,,1.0,,1.0,3.0,4.0,,6.0,,3.0,1.0,2.0,5.0,11.0,,,6.0,1.0,4.0,3.0,3.0,,,2.0,3.0,,,,,,2.0,8.0,3.0,17.0,25.0,,,26.0,13.0,,1.0,,,3.0,,1.0,7.0,4.0,5.0,14.0,,14.0,45.0,,,,1.0,,1.0,,1.0,1.0,,,,3.0,3.0,8.0,,,,,1.0,,,,,4.0,17.0,41.0,2.0,10.0,,7.0,1.0,,,2.0,2.0,1.0,1.0,,,4.0,1.0,,1.0,2.0,,,1.0,2.0,,2.0,1.0,4.0,,,,,,,,,,,2.0,,,12.0,16.0,,,,2.0,,1.0,4.0,,,86.0,2.0,2.0,,,,,,,3.0,,277.0,52.0,17.0,231.0,,,2.0,2.0,14.0,,2.0,,17.0,,,3.0,1.0,2.0,,1.0,,7.0,,,,,1130.0,32.601641,-96.3375126
Kendall,,,1.0,,,4.0,5.0,,5.0,2.0,7.0,6.0,3.0,5.0,12.0,3.0,2.0,14.0,,1.0,5.0,6.0,2.0,1.0,1.0,5.0,,,,,,,9.0,1.0,7.0,11.0,,,12.0,7.0,,,,,,,,3.0,,4.0,16.0,,6.0,19.0,,,,1.0,4.0,,,1.0,1.0,,,,3.0,7.0,2.0,,,1.0,,,,,,,,7.0,15.0,,6.0,2.0,1.0,,,2.0,,,1.0,1.0,1.0,,1.0,1.0,,1.0,1.0,,,,,2.0,1.0,1.0,6.0,1.0,2.0,1.0,,,,,,,2.0,1.0,,,4.0,9.0,,,,3.0,,3.0,,,4.0,,13.0,6.0,,,,,,1.0,,7.0,149.0,62.0,44.0,181.0,1.0,,2.0,2.0,8.0,,5.0,,12.0,1.0,1.0,1.0,1.0,,,7.0,3.0,6.0,,,,,798.0,29.943885,-98.7258845
Kent,,,,,,,,,,,,,,,,,,,,,,,,,,,,,,,,,,,,,,,,,,,,,,,,,,,,,,,,,,,,,,,,,,,,,,,,,,,,,,,,,,,,,,,,,,,,,,,,,,,,,,,,,,,,,,,,,,,,,,,,,,,,,,,,1.0,,,,,,,,,,,,,,,,,,,,,,,1.0,,,,,,,,,,,,,,,,,,2.0,33.1665316,-100.7846477
Kerr,,1.0,,,,,1.0,,1.0,,,,1.0,,1.0,,1.0,3.0,,,1.0,,,,1.0,,,,,,,,5.0,1.0,2.0,6.0,,,14.0,4.0,,,,,,1.0,,9.0,,2.0,6.0,1.0,2.0,11.0,,,,1.0,1.0,,,,,,,,,2.0,,1.0,,1.0,,,,,,,,3.0,6.0,,,,,,,2.0,3.0,,1.0,,,,5.0,1.0,,,1.0,,,,,,,,1.0,,,2.0,,,,,,1.0,1.0,1.0,,,,6.0,,,,,,2.0,,,2.0,,,2.0,,,1.0,,,,,,33.0,10.0,7.0,27.0,,,,2.0,11.0,,1.0,,1.0,,,1.0,,,,,1.0,,,,,,216.0,30.045717,-99.3884839
Kimble,,,,,,,,,,,,,,,,,,,,,,,,,,,,,,,,,,,,,,,,,,,,,,,,,,1.0,,,,,,,,,,,,,,,,,,,,,,,,,,,,,,,,,,,,,,,,,,,,,,,,,,,,,,,,,,,,,,,,,,,,,,,,,,,,,,,,,,,,1.0,,,,,,,,,,,,2.0,,,,,,,,,,,,,,,,,,,,,,,4.0,30.4744131,-99.8199792
King,,,,,,,,,,,,,,,,,,,,,,,,,,,,,,,,,,,,,,,,,,,,,,,,,,,,,,,,,,,,,,,,,,,,,,,,,,,,,,,,,,,,,,,,,,,,,,,,,,,,,,,,,,,,,,,,,,,,,,,,,,,,,,,,,,,,,,,,,,,,,,,,,,,,,,,,,,,1.0,,,,,,,,,,,,,,1.0,33.588178,-100.2178972
Kinney,,,,,,,,,,,,,,,,,,,,,,,,,,,,,,,,,,,1.0,1.0,,,1.0,,,,,,,,,,,,,,,2.0,,,,,,,,,,,,,,,,,,,,,,,,,,,1.0,,,,,,,,,,,,,,,,,,,,,,,,,,,,,,,,,,,,,,,,,,,,,,,,,,,,,,,,,,,,,,,,,,,,,,,,,,,,,,,,,,,,,,,,6.0,29.326416,-100.4165707
Kleberg,,,,,,,,,,,,1.0,,,1.0,,,1.0,,,,1.0,,,,,,,,,,1.0,1.0,,2.0,1.0,,,1.0,2.0,,,,,1.0,,,,,,,,3.0,3.0,,,,1.0,,,,,,,,,,,,,,,,,,,,,,,3.0,,,,,1.0,,,,,,,,,,,,,,,,,,,,,,,,,,,,,,1.0,,,,,,,,,,1.0,,,,,,,,1.0,,,,,,,,,6.0,4.0,2.0,11.0,,,,1.0,1.0,,1.0,,1.0,,,,,,,,1.0,,,,,,55.0,27.3983129,-97.7485096
Knox,,,,,,,,,,,,,,,,,,,,,,,,,,,,,,,,,,,,,,,1.0,,,,,,,,,,,,,,,,,,,,,,,,,,,,,,,,,,,,,,,,,,,,,,,1.0,,,,,,,,,,,,,,,,,,,,,,,,,,,,,,,,,,,,,,,,,,,,,,,,,,,,,,,,,,,,,,,,,,,,,,,,,,,,,,,,,,,2.0,33.5871385,-99.7073621
Lamar,,,,,,,,,,,,,,2.0,1.0,,,,1.0,,,,,,,,,,,,,,,,,2.0,,,3.0,2.0,,,,,,,,1.0,,1.0,3.0,2.0,4.0,5.0,,,,,1.0,,,,,,,,,2.0,,,,,,,,,,,1.0,2.0,5.0,,2.0,,,,,1.0,,,,,,,1.0,,,,,,,,,,,,2.0,,,,,,,,,,,2.0,,,,,,,,,,,,,,,2.0,1.0,,,,,,,1.0,,11.0,11.0,2.0,12.0,,,1.0,,2.0,,,,1.0,,,,,,,,,2.0,,,,,92.0,33.6383552,-95.582343
Lamb,,,,,,,,,,,,,,,,,,1.0,,,,,,,1.0,,,,,,,,,,,,,,1.0,,,,,,,,,,,,1.0,,,1.0,,,,,,,,,,,,,,,,,,,,,,,,,,1.0,1.0,,2.0,,,,,,,,,,,,,,,,,,,,,,,,,,,,,,,,,,,,,,,1.0,,,,,,,,,,,,,,,,,,,,,2.0,,,2.0,,,,,,,,,1.0,,,,,,,,,1.0,,,,,16.0,34.0321667,-102.3429233
Lampasas,,1.0,,1.0,,,,,,,,,,,1.0,,,1.0,,,,2.0,,,,,,,,,,,,,,2.0,,1.0,2.0,1.0,,,,,,,,1.0,,,3.0,,5.0,1.0,,,,,,,,,,,,,2.0,2.0,1.0,1.0,,,,,,,,,,1.0,5.0,,2.0,,,,,,,,,1.0,,,2.0,,,,,,,,,,,,,,,,,,,,,,,1.0,,,,2.0,,,,,,,,,,,,1.0,,,,,,,,,13.0,2.0,1.0,12.0,,,,,2.0,,1.0,,2.0,,,,,,,,1.0,,,,,,77.0,31.1761363,-98.240563
Lasalle,,,,,,,,,,,,,,1.0,,,,,,,,,,,,,,,,,,,1.0,,,,,,,,,,,,,,,,,,,,,,,,,,,,,,,,,,1.0,,,,,,,,,,,,,,,,,,,,,,,,,,,,,,,,,,,,,,,,,,,,,,,,,,,,,,,,,,,,,,,,,,,,,,,,,,,,,,,,,,,,,,,,,,,,,,,,,,,,,,3.0,31.5332272,-96.4188655
Lavaca,,,,,,,,,,,,,,,1.0,,,,,,,,,,,,,,,,,,,,2.0,1.0,,,4.0,,,,,,,,,1.0,,,3.0,,,,,,,,,,,,,,,,,,,,,,,,,,,,,,2.0,,1.0,,1.0,,,,,,,,,,,,,,,,,,,,,,,,,,,,,,,,,,,,,1.0,,,,,,,,,,,,1.0,,,,,,,,,5.0,1.0,,1.0,,,,,1.0,,2.0,,1.0,,,,,,,,,,,,,,29.0,29.3703333,-96.9334531
Lee,,,,,,,,,,,,,,,,,,,,,,,,,,,,,,,,,,,1.0,3.0,,,2.0,1.0,,,,,,,,1.0,,2.0,1.0,,2.0,1.0,,,,,,1.0,,,,,,,,,,,,1.0,,,,,,,,,2.0,,,,,,,,,,,,,,,,,,,,,,,,,,1.0,,,,,,,,,,,,,,,,,,,,,,,,,,,,,,,,,,,,7.0,2.0,,9.0,,,,,,,1.0,,,,,,,,,,,,,,,,38.0,30.3031353,-96.9588587
Leon,,,,,,,,,,,,,,,,,,,,,,,,,,,,,,,,,,,,,,,,,,,,,,,,,,,,,1.0,,,,,,,,,,,,,,,,,,,,,,,,,,,1.0,5.0,,,,,,,,,,,,,,,,,,,,,,,,,,,,,1.0,,,,,,,,,,,,,,,,,,,,,,,,,,,,,,,,1.0,9.0,3.0,,4.0,,,,,,,,,,,,,,,,,,,,,,,25.0,31.2715127,-95.9953382
Liberty,,,,,,,,,,,2.0,,,,,,,,,2.0,,2.0,,,,,,,,,,,,1.0,2.0,6.0,,,3.0,3.0,,,,,,,,,1.0,2.0,1.0,,7.0,6.0,,,,,1.0,,,,,,,,,,1.0,,,,,,,,,,,1.0,9.0,,3.0,1.0,3.0,1.0,,,,1.0,,,,,,,,,1.0,,,,,2.0,,1.0,,,,1.0,,,,,,,,,,,,4.0,,,,,,,,,,,,,,,,,,,,1.0,34.0,9.0,4.0,17.0,,,,3.0,3.0,,1.0,,,,,,,,,,,1.0,,,,,141.0,30.0856736,-94.7856262
Limestone,,,,,,,,,,,,,,,,,,,,1.0,,1.0,,,,,,,,,,,,,,2.0,,,2.0,,,,,,,,,1.0,,,,,1.0,1.0,,,,,,,,,,,,,1.0,1.0,,,1.0,,,,,,,,,1.0,,,,,,,,,,,,,,,3.0,,,,,,,,,,,,,,,,,,,,,,,1.0,,,,,,,,,,,,,,,1.0,,,,1.0,,,,,,3.0,,2.0,,,,,,2.0,,,,,,,,,,,,1.0,,,,,,27.0,31.5261854,-96.580617
Lipscomb,,1.0,,,,,,,,,,,,,,,,,,,,,,,,,,,,,,,,,,,,,,,,,,,,,,,,,,,,,,,,,,,,,,,,,,,,,,,,,,,,,,,,,,,,,,,,,,,,,,,,,,,,,,,,,,,,,,,,,,,,,,,,,,,,,,,,,,,,1.0,,,,,,,,,,1.0,,,,,,,,,,,,,,,,,,,,,,,,,3.0,36.2695629,-100.2711772
Live Oak,,,,,,,,,,,,,,,,,,,,,,,,,,,,,,,,,,,1.0,,,,1.0,1.0,,,,,,,,,,,,,1.0,,,,,,,,,,,,,,,,,,,,,,,,,,,,,,1.0,,,,,,,,,,,,,,,,,,,,,,,,,,,,,,,,,,,,,,,,,,,,,,,,,,,,,,1.0,,,,,,,1.0,,2.0,1.0,,,,,,,,,,,,,,,,,,,,,,10.0,28.2678746,-98.101923
Llano,,,,,,,,,1.0,,1.0,,,,,2.0,,2.0,,,1.0,2.0,,,1.0,,,,,,,,4.0,,1.0,2.0,,,1.0,2.0,,,,,,,,2.0,,1.0,4.0,,1.0,2.0,,,,,,,,,,,,,,,,,,,,,,,,,,3.0,5.0,,1.0,,,,,,,,,,,,1.0,,,,,,,,,,,1.0,2.0,,,,,,,,,,,1.0,,,,2.0,,,,2.0,,1.0,1.0,,2.0,,4.0,,,,,,,,1.0,1.0,17.0,30.0,11.0,19.0,,,,,3.0,,1.0,,1.0,,,,,,,1.0,1.0,1.0,,,,,143.0,30.6663312,-98.6970374
Loving,,,,,,,,,,,,,,,,,,,,,,,,,,,,,,,,,,,,,,,,,,,,,,,,,,,,,,,,,,,,,,,,,,,,,,,,,,,,,,,,,,,,,,,,,,,,,,,1.0,,,,,,,,,,,,,,,,,,,,,,,,,,,,,,,,,,,,,,,,,,,,,,,,,,,,,,,,,,,,,,,,,,,,,,,,,,1.0,31.8364044,-103.5663536
Lubbock,,1.0,1.0,,,2.0,3.0,,4.0,,8.0,6.0,1.0,6.0,10.0,,9.0,7.0,,4.0,5.0,6.0,1.0,1.0,3.0,2.0,,,,,,,2.0,1.0,8.0,14.0,,,31.0,20.0,,,4.0,,2.0,,,6.0,2.0,2.0,14.0,,19.0,25.0,,,,2.0,3.0,,,,,,,,8.0,1.0,,,1.0,,1.0,1.0,2.0,,,1.0,,22.0,43.0,,7.0,,6.0,6.0,,1.0,,,,3.0,1.0,,8.0,,,,6.0,1.0,,,1.0,4.0,,3.0,2.0,,1.0,3.0,,,,,,3.0,3.0,3.0,,,25.0,24.0,1.0,,,2.0,,6.0,2.0,,2.0,,6.0,4.0,,,2.0,,,,,5.0,194.0,52.0,38.0,132.0,,,3.0,1.0,20.0,,9.0,,7.0,1.0,1.0,1.0,,,,4.0,14.0,25.0,,,,,958.0,33.5855677,-101.8470215
Lynn,,,,,,,,,,,,,,,,,,,,,,,,,,,,,,,,,,,,,,,,,,,,,,,,,,,,,1.0,,,,,1.0,,,,,,,,,,,,,,,,,,,,,,1.0,2.0,,,,,,,,,,,,,,,,,,,,,,,,,,,,,,,,,,,,,,,,,,,,,,,,,,,,,3.0,,,,,,,,,1.0,1.0,,2.0,,,,,1.0,,,,,,,,,,,,,,,,,,13.0,33.1474257,-101.812592
Madison,,,,,,,,,,,,,,,,,,,,,,,,,,,,,,,,,,,,1.0,,,4.0,1.0,,,,,,1.0,,1.0,,,,,,1.0,,,,,,,,,,,,,,1.0,,,,,,,,,,,,,1.0,,1.0,,,,,,,,,,,,,,,,1.0,,,,,,,,,,,,,,,,,,,,,,,,,,,,,,,,,,,,,,,,,,,,2.0,1.0,1.0,1.0,,,,,,,,,1.0,,,,,,,,,,,,,,19.0,30.9551586,-95.9507234
Marion,,,,,,1.0,,,,,,,,,,,,1.0,,1.0,,,,,,,,,,,,2.0,,,,,,,2.0,,,,,,,,,,,,,,,,,1.0,,,,,,,,,,,,,,,,,,,,,,,,1.0,,,,,,,,,,,,,,,,,,,,,,,,,,,,,,,,,,,,,,1.0,,,,,,,,,,,,,,,,,,,,,,,,,5.0,2.0,1.0,,,,,,1.0,,,,,,,,,,,,,,,,,,19.0,32.7931661,-94.344488
Martin,,,,,,,,,,,,,,,,,,,,,,,,,,,,,,,,,,,,,,,,,,,,,,,,,,,1.0,,,,,,,,,,,,,,,,,,,,,,,,,,,,,,,,,,,,,,,,,,,,,,,,,,,,,,,,,,,,,,,,,,,,,,,,,,,,,,,,,,,,,,,,,,,,,,,1.0,,,,,,,,,,,,,,,,,,,,,,,2.0,32.2675039,-101.9190317
Mason,,,,,,,,,,,,,,,,,,,,,,,,,,,,,,,,,,,1.0,,,,,,,,,,,,,1.0,,,,,1.0,1.0,,,,,,,,,,,,,,,,,,,,,,,,,,1.0,1.0,,,,,,,,,,,,,,,,,,,,,,,,,,,,,,,,,,,,,,,,,,,,,,,,,,,,,,,,,,,,,,2.0,,1.0,1.0,,,,,,,,,,,,,,,,,,,,,,,10.0,30.705029,-99.2233284
Matagorda,,,,,,,,,2.0,,,,,,1.0,1.0,,,,,,,,,,,,,,,,,,1.0,,,,,2.0,1.0,,,,,1.0,,,,,,,,1.0,3.0,,,,,,,,,,,,,1.0,,,,,,,,1.0,,,,,2.0,3.0,,,,1.0,,,1.0,,,,,,,,,,,,,,,,,,,,,,,,,,,,,,,,,,,,,,,,,,,1.0,,1.0,3.0,,,,,,,,,11.0,1.0,,6.0,,,,,,,,,1.0,,,,,,,,,,,,,,46.0,28.8879823,-96.0035095
Maverick,,,,,,,,,,,,,,1.0,2.0,,,1.0,,,,,,,2.0,,,,,,,,,,3.0,,,,8.0,4.0,,,,,,,,,,,2.0,,3.0,3.0,,,,,,,,,,,,,,,1.0,,1.0,,,,,,,,,,4.0,,,,,1.0,,,,,,,,,,,,,,,,,,,,,,,,,,,,,,,1.0,,,,,,,,,,,,,,,,,,,,,,,,,,20.0,5.0,1.0,12.0,,,,,3.0,,,,,,,,,,,,,,,,,,78.0,28.792861,-100.3110817
McCulloch,,,,,,,,,,,,,1.0,,,,,,,,,,,,,,,,,,,,,,,,,,1.0,,,,,,,,,,,,,,,,,,,,,,,,,,,,,,,,,,,,,,,,,,1.0,,,,,,,,,,,,,,,,,,,,,,,,,,,,,,,,,,,,,,,,,,,,,,,,,,,,,,,,,,,,,,2.0,1.0,,2.0,,,,,,,,,,,,,,,,,,,,,,,8.0,31.1699604,-99.3885277
McLennan,,2.0,,,,,,,,,1.0,2.0,,4.0,6.0,,,6.0,,1.0,2.0,3.0,,1.0,7.0,,,,,,,1.0,6.0,1.0,14.0,40.0,,4.0,24.0,20.0,,,,,1.0,,,6.0,3.0,9.0,23.0,2.0,26.0,31.0,,,,1.0,4.0,,,1.0,,,,,5.0,8.0,4.0,,1.0,,,2.0,,,,,1.0,16.0,35.0,1.0,19.0,4.0,4.0,8.0,,2.0,2.0,2.0,,5.0,1.0,1.0,4.0,1.0,,2.0,6.0,,,,,2.0,,3.0,,,,,,,,,,2.0,,3.0,4.0,,10.0,29.0,,,,1.0,,2.0,2.0,,1.0,,12.0,6.0,,,,,,,3.0,2.0,213.0,61.0,30.0,171.0,,,1.0,3.0,19.0,,10.0,,21.0,3.0,,,,,,2.0,5.0,6.0,,,,,1013.0,31.5487691,-97.2189254
Medina,1.0,,,,,1.0,3.0,,,,1.0,1.0,1.0,2.0,2.0,,1.0,,,,1.0,,1.0,,,,,,,,1.0,1.0,1.0,1.0,9.0,12.0,,,16.0,8.0,,,,,1.0,,,1.0,,1.0,4.0,,11.0,10.0,,,,,1.0,,,,,,,,,,1.0,,,1.0,,,,,,,,6.0,8.0,,1.0,1.0,2.0,,,,,,,,,,,1.0,,,,,,,,1.0,,,1.0,,,,,,,,,1.0,,,,,,2.0,,,,,,,,,,,2.0,1.0,,,,,,,,,47.0,18.0,5.0,38.0,,,1.0,,5.0,,2.0,,1.0,,,,,,,1.0,,1.0,,,,,241.0,29.2836281,-99.1126826
Menard,,,,,,,,,,,,,,,,,,,,,,,,,,,,,,,,,,,,,,,,,,,,,,,,,,,,,,,,,,,,,,,,,,,,,1.0,,,,,,,,,,,,,,,,,,,,,,,,,,,,,,,,,,,,,,,,,,,,,,,,,,,,,,,,,,,,,,,,,,,,,,,,,,,,,,,,,,,,,,,,,,,,,,,,,,,,1.0,30.8573562,-99.8320637
Midland,,,,,,,2.0,,,,,,,4.0,8.0,1.0,2.0,16.0,6.0,1.0,,3.0,,,1.0,4.0,,,,,,,2.0,,3.0,6.0,,1.0,8.0,8.0,,,,,,,,1.0,2.0,2.0,24.0,,3.0,14.0,,,,,2.0,3.0,,,,,,,1.0,,1.0,,,,,1.0,,,,,,8.0,19.0,2.0,2.0,,,,,1.0,,1.0,,2.0,,1.0,5.0,4.0,,5.0,,,,,1.0,,1.0,1.0,3.0,,,1.0,,,,,,,,1.0,,,2.0,1.0,,,,,,1.0,1.0,,1.0,,1.0,4.0,,,1.0,,,,,1.0,81.0,24.0,17.0,53.0,,,2.0,4.0,7.0,,5.0,,3.0,,,1.0,,,,1.0,2.0,8.0,,,,,409.0,31.83688,-102.0103767
Milam,,,,,,,,,,,,,,,,,,2.0,,,1.0,,,,,,,,,,,,,,1.0,1.0,,1.0,2.0,4.0,,,,,,,,1.0,,,2.0,,3.0,2.0,,,,,,,,,,,,,,,,,,,,,,,,,,,3.0,,,,1.0,,,,,,,,,,2.0,,,,,,,,,,,,,,,,,,,,,,1.0,1.0,,,1.0,,,,,1.0,,,,,,,,,,,,,,,,,9.0,1.0,,4.0,,,,,3.0,,1.0,,2.0,,1.0,,,,,,,,,,,,51.0,30.7626867,-96.9981706
Mills,,,,,,,,,,,,,,,1.0,,,,,,,,,,,,,,,,1.0,,,,,,,,,1.0,,,,,,,,,,1.0,7.0,,1.0,6.0,,,,,,,,,,,,,,1.0,,,,,,,,,,,,,6.0,,1.0,,1.0,,,1.0,,,,,,,5.0,1.0,,,,,,,,,,,,,,,,,,,,,,,,,,2.0,,,,,,2.0,,,1.0,,,1.0,,,,,,,,1.0,2.0,,1.0,,,,,,,,1.0,,,,,,,,,,,,,,,,45.0,31.4861082,-98.5527272
Mitchell,,,,,,,,,,,,,,,,,,,,,,,,,,,,,,,,,,,1.0,,,,,,,,,,,,,,,,,,,,,,,,,,,,,,,,,,,,,,,,,,,,,,,,,,,,,,,,,,,,,,,,,,,,,,,,,,,,,,,,,,,,,,,,,,,,,,,,,,,,,,,,,,,,,,,,,,,,1.0,,,,,,,,,,,,,,,,,,2.0,32.2898049,-100.9213003
Montague,,,,,,,,,,,,,,,,,,1.0,,,1.0,,,,,,,,,,,,,,1.0,,,,1.0,,,,,,,,,,,,1.0,,2.0,5.0,,,,,,,,,,,,,,,,,,1.0,,1.0,,,,,,,4.0,,1.0,,,,,,,,,,,,,,,,,,,,,,,,,,,,,,,,,,,,,,,1.0,,,,,,,,,,,,,,,,,,,,,6.0,2.0,1.0,5.0,,,,,,,,,,,,,,,2.0,,1.0,,,,,,37.0,33.6205753,-97.7215754
Montgomery,11.0,2.0,2.0,,2.0,20.0,23.0,,12.0,1.0,35.0,14.0,10.0,61.0,76.0,3.0,13.0,95.0,7.0,18.0,27.0,58.0,7.0,2.0,14.0,31.0,,,,,,5.0,52.0,,35.0,65.0,4.0,3.0,113.0,117.0,,1.0,,2.0,8.0,2.0,6.0,25.0,7.0,13.0,83.0,1.0,65.0,166.0,,,,5.0,9.0,10.0,,6.0,1.0,,,,18.0,41.0,17.0,,5.0,6.0,5.0,6.0,,,,,8.0,248.0,338.0,1.0,70.0,5.0,30.0,15.0,4.0,5.0,,9.0,4.0,7.0,11.0,,21.0,4.0,,21.0,16.0,,,1.0,,29.0,12.0,39.0,63.0,3.0,7.0,16.0,2.0,2.0,,1.0,,10.0,15.0,16.0,,,17.0,86.0,,,,11.0,1.0,28.0,18.0,1.0,48.0,,59.0,53.0,2.0,,3.0,,,3.0,6.0,19.0,1570.0,440.0,269.0,1498.0,1.0,,7.0,9.0,67.0,1.0,41.0,,90.0,3.0,14.0,13.0,2.0,,,20.0,24.0,44.0,,,,,6947.0,30.301949,-95.5065944
Moore,,,,,,,,,,,,,,,1.0,,,,,,,,,,,,,,,,,,,,,,,,1.0,1.0,,,,,,,,,,,,,,,,,,,,,,,,,,,,,,,,,,,,,,,,,2.0,,,,,1.0,,,,,,,,,1.0,,,,1.0,,,,,,,,,,,,,,,,,,,,,,2.0,,,,,,,,,,,,,,,,,,,,1.0,,5.0,1.0,1.0,2.0,,,,,1.0,,1.0,,,,,,,,,,,,,,,,22.0,35.8156121,-101.9104355
Morris,,,,,,,1.0,,,,,,,,,,,,,1.0,,,,,,,,,,,,,,,,,,,2.0,,,,,,,,,,,,,,,1.0,,,,,,,,,,,,,,,,,,,,,,,,,1.0,,,,,,,,,,,1.0,,,,,,,,,1.0,,,,,,,,,,,,,,,,,,,,,,,,,,,,,,,,,,,,,,,,,,,,4.0,2.0,3.0,2.0,,,,1.0,,,,,1.0,,,,,,,,,,,,,,21.0,33.0738633,-94.7392197
Motley,,,,,,,,,,,,,,,,,,,,,,,,,,,,,,,,,,,,,,,,,,,,,,,,,,,,,,,,,,,,,,,,,,,,,,,,,,,,,,,,,,,,,,,,,,,,,,,,,,,,,,,,,,,,,,,,,,,,,,,,,,,,,,,,,,,,,,,,,,,,,,,,1.0,,,,,,,,,,,,,,,,,,,,,,,,,1.0,34.0395459,-100.7744062
Nacogdoches,,,,,,,,,,,,,,,,,,,,,3.0,,1.0,,,,,,,,,,1.0,,2.0,2.0,,,8.0,1.0,,,,,,,,1.0,,1.0,2.0,,2.0,1.0,,,,,,,,,,,,,1.0,,,,,,,1.0,,,,,,2.0,6.0,,2.0,,,1.0,,1.0,1.0,,,1.0,,,1.0,1.0,,1.0,,,,,,,,,,,,,,,,,,,,1.0,,,,1.0,,,,,,1.0,,,,,,4.0,,,,,,,,2.0,22.0,7.0,2.0,24.0,,,,,4.0,,3.0,,,,,,,,,,1.0,1.0,,,,,117.0,31.5970503,-94.5927451
Navarro,,,,,,1.0,,,,,,,,1.0,1.0,,,1.0,,,,,,,,,,,,,,,2.0,,2.0,3.0,,,1.0,3.0,,,,,,,,3.0,,1.0,3.0,,3.0,1.0,,,,1.0,,1.0,,,,,,,,,,,,,,,,,,,,,6.0,,1.0,,,1.0,,,,,,,,,3.0,,,,,,,,,,,,,,,1.0,,,,,,,,,,,,,,,,,,,,,,,3.0,,,,,,,,,1.0,29.0,6.0,3.0,14.0,,,,,3.0,,2.0,,,,,,,,,1.0,,1.0,,,,,103.0,32.0279525,-96.4985456
Newton,,,,,,,,,,,,,,,,,,,,,,,,,,,,,,,,,,,,,,,,,,,,,,,,,,,,,,,,,,1.0,,,,,,,,,1.0,,,,,,,,,,,,,,,,,,,,,,,,,,,,,,,,1.0,,,,,,,,,,,,,,,,,,,,,,,,,,,,,,,,,,,,,,,,,,,,3.0,,,,,,,,,,,,,,,,,,,,,,,,,,6.0,30.8118989,-93.740504
Nolan,,,,,,,,,,,,,,,1.0,,,,,,,,,,,,,,,,,,,,1.0,,,,3.0,,,,,,,,,,,,1.0,,,1.0,,,,,,,,,,,,,,,1.0,,,,1.0,,,,,,,,,,,,,,,,,,,,,,,,,,,,,,,,,,,,,,,,,,,,,,,,,1.0,,,,,,,,,,,,,,,,,,,,,2.0,,,,,,,,,,1.0,,,,,,,,,,,,,,,,13.0,32.2719306,-100.3987748
Nueces,2.0,1.0,,,,1.0,1.0,,1.0,,2.0,1.0,1.0,10.0,5.0,1.0,3.0,15.0,2.0,3.0,10.0,9.0,1.0,1.0,3.0,8.0,,,,,1.0,3.0,8.0,1.0,12.0,20.0,,4.0,25.0,30.0,,1.0,,,5.0,,1.0,9.0,2.0,5.0,11.0,13.0,15.0,32.0,,,,2.0,3.0,2.0,1.0,,,,,,12.0,11.0,10.0,1.0,1.0,4.0,,,,,,,1.0,26.0,50.0,,9.0,1.0,2.0,3.0,1.0,2.0,,2.0,,3.0,,,3.0,2.0,,6.0,1.0,,,,1.0,2.0,,3.0,7.0,,3.0,3.0,,,,,,1.0,,11.0,,,3.0,13.0,,,,2.0,,4.0,1.0,,1.0,,10.0,8.0,,,1.0,,,,1.0,3.0,300.0,60.0,41.0,208.0,,,2.0,1.0,25.0,,19.0,,23.0,1.0,,1.0,,,,,3.0,5.0,,,,,1205.0,27.7153774,-97.6199942
Ochiltree,,,,,,,,,,,,,,,,,,,,,,,,,,,,,,,,,,,,,,,1.0,,,,,,,,,,,,,,1.0,,,,,,,,,,,,,,,,,,,,,,,,,,,,,,,,,,,,,,,,,,2.0,,,,,,,,,,,,,,,,,,,,,,,,,,,1.0,,,,,,,,,,,,,,,,,,,,,1.0,1.0,,,,,,,,,,,,,,,,,,,,,,,,,7.0,36.2559217,-100.8138152
Oldham,,,,,,,,,,,,,,,,,,,,,,,,,,,,,,,,,,,1.0,,,,,1.0,,,,,,,,,,,,,,,,,,,,,,,,,,,,,,,,,,,,,,,,,,,,,,,,,,,,,,,,,,,,,,,,,,,,,,,,,,,,,,,,,,1.0,,,,,,,,,,,,,,,,,,,,,,,,,,,,,,,,,,,,,,,,,,,,,,,3.0,35.3907651,-102.6193428
Orange,,,,,,,,,,,,,,,1.0,,1.0,1.0,,,,,,,1.0,,,,,,,,,,4.0,3.0,,,4.0,6.0,,1.0,,,,,,,,1.0,4.0,,2.0,7.0,,,,,,,,,,,,,1.0,,,,,,,,,,,,,3.0,10.0,,3.0,,1.0,2.0,,1.0,,,,,,,1.0,,,,,,,,,,,,2.0,,,,,,,,,1.0,,,,,,1.0,,,,,,,1.0,,,,,,,,,,,,1.0,,31.0,12.0,7.0,23.0,,,,,,,,,1.0,,,,,,,,,,,,,,138.0,30.1228634,-93.9041169
Palo Pinto,,,,,,,1.0,,,,,,,,,,1.0,2.0,,,1.0,1.0,,,,,,,,,,,,,,,,,5.0,2.0,,,,,,,1.0,2.0,,2.0,7.0,,2.0,2.0,,,,,,,,,,,,,,,1.0,,,,,,,,,,,,4.0,,,,,1.0,,1.0,,,,,,,,,,,,,,,,,,,,,,,,,,,,,,,,,,1.0,,,,,,,,,1.0,,,,,,,,,,,,2.0,7.0,,9.0,,,,,1.0,,,,,,,,,,,,1.0,,,,,,58.0,32.7215726,-98.2814881
Panola,,,,,,,,,,,,,,,,,,,,,,1.0,,,,,,,,,,,,,1.0,,,,,1.0,,,,,,,,,,,1.0,,1.0,1.0,,,,,1.0,,,,,,,,,,,,,,,,,,,,,2.0,3.0,,1.0,,,,,,,,,,,,,,,,,,,,,,,,,,,,,,,,,,,,,,,,,,,,,1.0,,,,,,,,,,,,,,,6.0,2.0,,1.0,,,,,,,1.0,,2.0,,,,1.0,,,,1.0,,,,,,28.0,32.1367712,-94.3130073
Parker,,4.0,,1.0,,2.0,4.0,,2.0,,7.0,1.0,3.0,4.0,8.0,,3.0,8.0,1.0,2.0,4.0,7.0,,,2.0,3.0,,,1.0,,1.0,1.0,12.0,2.0,4.0,15.0,,1.0,34.0,18.0,,,,,4.0,,,4.0,1.0,3.0,26.0,2.0,20.0,38.0,,,,,2.0,2.0,,,,,,,8.0,5.0,,1.0,1.0,2.0,1.0,,,,,,1.0,9.0,19.0,1.0,14.0,2.0,4.0,1.0,1.0,4.0,,,,,,,3.0,1.0,,2.0,3.0,,,,,3.0,1.0,1.0,6.0,1.0,,2.0,,1.0,,,,1.0,,1.0,,,4.0,21.0,,,,,,7.0,1.0,,6.0,,19.0,5.0,,,2.0,1.0,,,,4.0,221.0,81.0,35.0,222.0,,,3.0,3.0,17.0,1.0,9.0,,20.0,1.0,1.0,1.0,1.0,,,2.0,6.0,10.0,,,,,1061.0,32.77725975,-97.80455986920202
Parmer,,,,,,,,,,,,,,,,,,,,,,,,,,,,,,,,,,,,,,,,,,,,,,,,2.0,,,,,1.0,,,,,,,,,,,,,,,,,,,,,,,,,,,,,,,,1.0,,,,,,,,,,,,,,,,,,,,,,,,,,,,,,,,,,,,,,,,,,,,,,,,,,,,,,,,,,,,1.0,,,,,,,,,,,,,,,,,,,,,,,,5.0,34.4901153,-102.768021
Pecos,,,,,,,,,,,,,,,,,,,,,,,,,,,,,,,,,,,,1.0,,,,,,,,,,,,,,1.0,,,,3.0,,,,,,,,,,,,,,,,,,,,,,,,,,,1.0,,,,1.0,,,,,,,,,,1.0,,,,,,,,,,,,,,,,,,,,,,,,,,,,,,,,,,,,,,2.0,,,,,,,,,,1.0,1.0,,,1.0,,,,,,,,,,,,,,,,,,,,,,13.0,30.7857437,-102.8065415
Polk,,1.0,,,,,,,,,,,,,,,,1.0,,1.0,1.0,,,,1.0,1.0,,,,,,1.0,,,1.0,4.0,,,9.0,3.0,,,,,,1.0,,4.0,,1.0,1.0,,5.0,3.0,,,,2.0,,,,,,,,,,1.0,,,,1.0,1.0,1.0,,,,,,2.0,13.0,,3.0,,1.0,,,,,,,,,,,1.0,,,1.0,,,,,1.0,,,,,,,,,,,,,,1.0,,,1.0,3.0,,,,1.0,,,,,,,1.0,2.0,,,,,,,,,26.0,9.0,4.0,22.0,,,,,5.0,,3.0,,,,1.0,1.0,,,,,,1.0,,,,,148.0,30.7642828,-94.8192175
Potter,,,,,1.0,,1.0,,,,1.0,,,,,,,5.0,,,1.0,,,,,,,,,,,,2.0,,3.0,3.0,,1.0,6.0,5.0,,,,,1.0,,,2.0,6.0,8.0,7.0,,16.0,6.0,,,,,,,,,,,,,1.0,,,,,,,,,,,,,2.0,8.0,,1.0,,1.0,,,1.0,,,,,,,3.0,,,,3.0,,,,,,,,2.0,,1.0,,,,,,,,1.0,3.0,,,1.0,7.0,,,,,,,,,1.0,,2.0,,,,,,,,,2.0,42.0,18.0,8.0,23.0,,,2.0,,6.0,,5.0,,4.0,,,1.0,,,,,,,1.0,,,,225.0,35.3683354,-101.8776577
Presidio,,,,,,,,,,,,,,1.0,,,,,,,,,,,,,,,,,,,,,,,,,,,,,,,,,,,,,,,,,,,,1.0,,,,,,,,,,,,,,,,,,,,,,,1.0,,,,,,,,,,,,,,,,,,,,,,,,,,,,,,,,,,,,,,,,,,,,,,,,,,,,,,,,,,,,,,,2.0,2.0,,,,,1.0,,,,,,,,,,,,,,,,,,,8.0,29.9883766,-104.233655
Rains,,,,,,,,,,,,,,,,,,,,,,,,,,,,,,,,,,,,2.0,,,2.0,,,,,,,,,,,,,,1.0,2.0,,,,,,,,,,,,,,,,,,,,,,,,,,1.0,,,,,,,,,,,,,,,,,,,,,,,,,,,,,,,,,,,,,,,,,,,,,,,,,,,,,,,,,,,,,,2.0,11.0,2.0,3.0,4.0,,,,,,,2.0,,1.0,,,,,,,,,1.0,,,,,34.0,32.8685085,-95.7964017
Randall,,,,,,,,,,1.0,6.0,,1.0,2.0,3.0,,,6.0,,,,,,,,1.0,,,,,1.0,,1.0,,4.0,12.0,,,28.0,3.0,,,,,2.0,1.0,,3.0,,2.0,9.0,,5.0,19.0,,,,1.0,2.0,3.0,,,,,,,4.0,2.0,,,1.0,,1.0,,,,,,,3.0,11.0,,1.0,1.0,,,,2.0,,2.0,,,,,11.0,1.0,,,3.0,,,,,1.0,,,1.0,,,,1.0,,,,,,,2.0,,,4.0,7.0,,,,,,3.0,,,2.0,,8.0,2.0,,,1.0,,,,3.0,1.0,117.0,30.0,35.0,74.0,,,,1.0,21.0,,12.0,,17.0,,,1.0,,,,,2.0,3.0,,,,,508.0,34.9444713,-101.8850309
Real,,,,,,,,,,,,,,,,,,,,,,,,,,,,,,,,,,,1.0,,,,,,,,,,,,,,,,,,,1.0,,,,,,,,,,,,,,,,,,,,,,,,,,,1.0,,,,,,,,,,,,,,,,,,,,,,,,,,,,,,,,,,,,,,,,,,,,,,,,,,,,,,,,,,,,,,1.0,,,1.0,,,,,,,,,,,,,,,,,,,,,,,5.0,29.7949383,-99.8280905
Red River,,,,,,,,,,,,,,,,,,,,,,,,,,,,,,,,,,,,,,,1.0,1.0,,,,,,,,,,,,,,,,,,,,,,,,,,,,,,,,,,,,,,,,,,,,,,,,,,,,,,,,,,,,,,,,,,,1.0,,,,,,,,,,,,,,,,,,,,,,,,,,,,,,,,,,,,,2.0,,,,,,,1.0,,,,,,,,,,,,,,,,,,6.0,33.571979,-95.0429674
Reeves,,,,,,,,,,,,,,,1.0,,,,,,,,,,2.0,,,,,,,,,,1.0,,,,1.0,1.0,,,,,,,,,,,,,,,,,,,1.0,,,,,,,,,,,,,,,,,,,,,1.0,3.0,,,,,,,,,,,,,,,,,,1.0,,,,,,,,,,,,,,,,,,,,,,,,,,,,,,,,,,,,,,,,,,,,1.0,2.0,1.0,1.0,,,,,1.0,,,,,,,,,,,,,1.0,,,,,19.0,31.232003,-103.6583657
Refugio,,,,,,,,,,,,,,,,,,,,,,,,,,,,,,,,,,,,,,,,,,,,,,,,,,,2.0,,,,,,,,,,,,,,,,,,,,,,,,,,,,,,1.0,,,,,,,,,,,,,,,,,,,,,,,,,,,,,,,,,,,,,,,,,,,,,,,,,,,,,,,,,,,,,,1.0,1.0,,,,,,,1.0,,,,,,,,,,,,,,,,,,6.0,28.3171012,-97.2394101
Roberts,,,,,,,,,,,,,,,,,,,,,,,,,,,,,,,,,,,,,,,,,,,,,,,,,,,,,,,,,,,,,,,,,,,,,,,,,,,,,,,,,,,,,,,,,,,,,,,1.0,,,,,,,,,,,,,,,,,,,,,,,,,,,,,,,,,,,,,,,,,,,,,,,,,,,,,,,,,,,,,,,,,,,,,,,,,,1.0,35.8309752,-100.8058034
Robertson,,,,,,,,,,,,,,,,,,1.0,,,,,,,,,,,,,,,,,,1.0,,,1.0,1.0,,,,,,,,,,,,,1.0,,,,,,,,,,,,,,,,,,1.0,,,,,,,,,1.0,1.0,,,,1.0,1.0,,,,,,,,,,,,,,,,,,,,,,,,,,,,,,,,,,,2.0,,,,,,,,,,,,,,,,,,,,,,5.0,1.0,,3.0,,,,,,,1.0,,1.0,,,,,,,,,1.0,,,,,24.0,31.0339058,-96.5079742
Rockwall,,,,,3.0,3.0,5.0,,4.0,,8.0,3.0,,4.0,15.0,,1.0,14.0,3.0,2.0,9.0,12.0,2.0,,6.0,7.0,,,1.0,,,5.0,20.0,3.0,12.0,18.0,,1.0,32.0,19.0,,,,,6.0,,,5.0,3.0,7.0,23.0,,17.0,48.0,,,,,2.0,7.0,1.0,3.0,1.0,,,,7.0,7.0,2.0,2.0,,2.0,,,,,,,3.0,15.0,43.0,1.0,13.0,5.0,6.0,2.0,,1.0,,1.0,1.0,,,,5.0,,,3.0,4.0,,,,2.0,5.0,1.0,4.0,10.0,,3.0,2.0,,,,,,,2.0,1.0,,,6.0,13.0,,,,3.0,,4.0,5.0,,16.0,,15.0,11.0,,,,,,,3.0,4.0,351.0,116.0,57.0,330.0,,,,3.0,29.0,,8.0,,13.0,2.0,2.0,,,,,2.0,5.0,8.0,,,,,1494.0,32.8923464,-96.4066987
Runnels,,,,,,,,,,,,,,,,,,,,,,,,,1.0,,,,,,,,,,1.0,,,,,,,,,,,,,,,,1.0,,1.0,,,,,,,,,,,,,,,,,,,,,,,,,,,,,,,,1.0,1.0,,,,1.0,,,,,,,,,,,,,1.0,,,,,,,,,,,,,,,,,,,,,,,,,,,,,,,,,,,,,,,,2.0,,,1.0,,,,,,,,,,,,,,,,,,,,,,,11.0,31.8282551,-99.9779922
Rusk,,,,,,,,,1.0,,,,1.0,1.0,1.0,,,,,,1.0,,,,1.0,,,,,,,,2.0,,2.0,1.0,,,6.0,,,,,1.0,,,,1.0,,1.0,1.0,,8.0,1.0,,,,,,,,,,,,,,,,,,,,1.0,,,,,,2.0,6.0,,,,,,,,,,,,,,,,,,,,,,,,,,2.0,,,,,,,,,,,,,,1.0,2.0,,,,,,1.0,,,,,,2.0,,,,,,,,,14.0,6.0,5.0,12.0,,,,1.0,4.0,,1.0,,,,,,,,,,1.0,2.0,,,,,93.0,32.051377,-94.7906553
Sabine,,,,,,,,,,,,,,,,,,,,,,,,,,,,,,,,,,,,,,,,,,,,,,,,,,,,,,,,,,,,,,,,,,,1.0,,,,,,,,,,,,,,,,,,,,,,,,,,,,,,,,,,,,,,,,,,,,,,,,,,,,,,,,,,,,,,,,,,,,,,,,,,,,2.0,1.0,,1.0,,,,,1.0,,,,,,,,,,,,,,,,,,6.0,31.3325489,-93.8722218
San Augustine,,,,,,,,,,,,,,,,,,,,,,,,,,,,,,,,,,,,,,,,,,,,,,,,,,,1.0,,,1.0,,,,,,,,,,,,,,,,,,,,,,,,,,,,,,,,,,,,,,,,,,,,,,,,,,,,,,,,,,,,,,,,1.0,,,,,,,,,,,,,,,,,,,,,,,,,,1.0,,,,,,,1.0,,,,,,,,,,,,,,,,,,5.0,31.3970365,-94.1751389
San Jacinto,,,,,,,,,,,,1.0,,,1.0,,,,,1.0,,,,,,,,,,,,,1.0,,,3.0,,,1.0,2.0,,,,,,,,1.0,1.0,1.0,1.0,,1.0,4.0,,,,,,,,,,,,,,,,,,,,,,,,,,2.0,3.0,,,,1.0,,,,,,,,,,,,,,,,,,,,,,1.0,,,,,,,,,,,,,,1.0,1.0,,,,,,1.0,,,,,,,,,1.0,,,,,,15.0,4.0,,8.0,,,,,,,1.0,,1.0,,,,,,,,,1.0,,,,,60.0,30.5083577,-95.1902362
San Patricio,,,,,,,,,,,,,,4.0,2.0,,,3.0,,1.0,,,,1.0,2.0,1.0,,,,,,,2.0,,3.0,3.0,,,8.0,2.0,,,,,,,,,,2.0,4.0,,3.0,6.0,,,,,,,,1.0,,,,,1.0,2.0,,,,1.0,,,,,,,,9.0,7.0,,,,1.0,,,,,,,,,,,,,,,,,,,,1.0,,1.0,,,,,,,,,,,1.0,,,1.0,2.0,,,,,,,,,,,,1.0,,,,,,,,,28.0,6.0,2.0,24.0,,,,,4.0,,2.0,,1.0,1.0,,,,,,,,2.0,,,,,146.0,28.0003594,-97.50204408532724
San Saba,,,,,,,,,,,,,,,,,,,,,,,,,,,,,,,,,,,1.0,,,,2.0,1.0,,,,,,,,,,,1.0,,,,,,,,,,,,,,,,,,,,,,,,,,,,,,,,,,,,,,,,,,,,,,,,,,,,,,,,,,,,,,,,,,,,,,,,,,,,,,,,,,,,,,,,,,,,1.0,1.0,,,,,,,,,,,,,,,,,,,,,,,,,7.0,31.122268,-98.8397049
Scurry,,,,,,,,,,,,,,,1.0,,,,,,,,,,,,,,,,,,,,,,,,,,,,,,,,,1.0,,,1.0,,,1.0,,,,,,,,,,,,,,,,,,,,,,,,,,,1.0,,,,,,,,,,,,,,,,,,,,,,,,,,,,,,,,,,,,,,,,,,,,,,,,,,,,,,,,,,,,1.0,,3.0,,1.0,10.0,,,,,,,,,,,,,,,,,,,,,,,20.0,32.7225172,-100.9052015
Shackelford,,,,,,,,,,,,,,,,,,,,,,,,,,,,,,,,,,,,,,,,,,,,,,,,,,,,,,,,,,,,,,,,,,,,,,,,,,,,,,,,,,,,,,,,,,,,,,,,,,,,,,,,,,,,,,1.0,,,,,,,,,,,,,,,,,,,,,,,,,,,,,,,,,1.0,,,1.0,,,,,,,,,,,,,,,,,,,,,,,3.0,32.7088752,-99.3307616
Shelby,,,,,,,,,,,,,,,,,,1.0,,,,,,,,,,,,,,,1.0,,,,,,,1.0,,,,,,,,1.0,,,2.0,,1.0,,,,,,,,,,,,,,,,,,,,,,,,,,,1.0,1.0,,,,,,,,,,,,,,,,,,,,,,,,,,,,,,,,,,,,,,,,,,,,,,,,1.0,,,,,,,,,,,,,,4.0,,,3.0,,,,,1.0,,,,,,,,,,,,,,,,,,18.0,31.7716364,-94.1301652
Sherman,,,,,,,,,,,,,,,,,,,,,,,,,,,,,,,,,,,,,,,,,,,,,,,,,,,,,,,,,,,1.0,,,,,,,,,,,,,,,,,,,,,,1.0,,,,,,,,,,,,,,1.0,,,,,,,,,,,,,,,,,,,,,,,,,,,,,,,,,,,,,,,,,,,,,,,,,,,,,,,,,,,,,,,,,,,,,,,,,,3.0,36.2452294,-101.8858689
Smith,,1.0,,,,,1.0,,1.0,,3.0,,1.0,4.0,6.0,1.0,1.0,12.0,,2.0,6.0,2.0,,,3.0,8.0,,,,,,2.0,5.0,1.0,6.0,12.0,,1.0,40.0,15.0,,,,,3.0,,1.0,4.0,,5.0,9.0,1.0,12.0,9.0,,,,5.0,4.0,1.0,,1.0,,,,,7.0,2.0,3.0,,,2.0,,1.0,,,,,,11.0,31.0,,7.0,1.0,6.0,5.0,,2.0,1.0,1.0,3.0,,,,5.0,1.0,,,,,,,1.0,1.0,,5.0,7.0,,,1.0,,1.0,,,,1.0,,4.0,,,2.0,16.0,,,,,,3.0,2.0,,5.0,,8.0,2.0,,,1.0,,,2.0,,2.0,181.0,67.0,38.0,143.0,,,1.0,3.0,14.0,,6.0,,10.0,1.0,,2.0,,,,,3.0,5.0,,,,,816.0,32.3402898,-95.2563971
Somervell,,,,,,,,,,,,,,,,,,1.0,,,,,,,,,,,,,,,,,,,,,2.0,1.0,,,,,1.0,,,,,,,,,1.0,,,,,,,,,,,,,,,,,,1.0,,,,,,,,,3.0,,,,1.0,,,,,,,,,,,,,,,,,,,,,,,,,,,,,,,,,,,,,2.0,,,,,,,,,,,,,,,,,,,,,3.0,1.0,1.0,3.0,,,,1.0,1.0,,,,,,,,,,,,,,,,,,23.0,32.2275813,-97.7724138
Starr,1.0,,,,,1.0,,,,,,,,1.0,,,,,,,1.0,,,,,,,,,,,,1.0,1.0,,,,,5.0,2.0,,,,,,,,,,,5.0,,,1.0,,,,,,1.0,,,,,,,,,,,,,,,,,,,,4.0,7.0,,,,,,,,,,,,,,1.0,,,,,,,,,,,,,,,,,,,,,,1.0,,,,,,,,,,,,,,,,,,,,,,,,,,14.0,2.0,2.0,6.0,,,,,2.0,,,,,,,,,,,,,,,,,,59.0,26.5630409,-98.7479897
Stephens,,,,,,,,,,,,,,,,,,,,,,,,,,,,,,,,,,,,,,,,,,,,,,,,,,,,,,1.0,,,,,,,,,,,,,,,,,,,,,,,,,,,,,,,,,,,,,,,,,,,,,,,,,,,,,,,,,,,,,,,,1.0,,,,,,,,,,,,,,,,,,,,,,,,,2.0,,,1.0,,,,,,,,,,,,,,,,,,,,,,,5.0,32.6944793,-98.8200722
Sterling,,,,,,,,,,,,,,1.0,,,,,,,,,,,,,,,,,,,,,,,,,,,,,,,,,,,,,,,,,,,,,,,,,,,,,,,,,,,,,,,,,,,,,,,,,,,,,,,,,,,,,,,,,,,,,,,,,,,,,,,,,,,,,,,,,,,,,,,,,,,,,,,,,,,,,,,,,,,,,,,,,,,,,,,,,,,1.0,31.8151416,-101.0452671
Stonewall,,,,,,,,,,,,,,,,,,,,,,,,,,,,,,,,,,,,,,,1.0,,,,,,,,,,,,,,,,,,,,,,,,,,,,,,,,,,,,,,,,,,,,,,,,,,,,,,,,,,,,,,,,,,,,,,,,,,,,,,,,,,,,,,,,,,,,,,,1.0,,,,,,,,,,,,,,,,,1.0,,,,,,,,,,,,,,,,,,3.0,33.1571742,-100.2453011
Sutton,,,,,,,,,,,,,,,,,,,,,,,,,,,,,,,,,1.0,,,,,,,,,,,,,,,,,,,,,,,,,,,,,,,,,,,,,,,,,,,,,,,1.0,,,,,,,,,,,,,,,,,,,,,,,,,,,,,,,,,,,,,,,,,,,,,,,,,,,,,,,,,,,,,,,,,,,,,,,,,,,,,,,,,,,,,,,,,2.0,30.51216325,-100.53841807826248
Swisher,,,,,,,,,,,,,,,,,,1.0,,,,,,,,,,,,,,1.0,,,,,,,1.0,,,,,,,,,,,,,,1.0,,,,,,,,,,,,,,,,,,,,,,,,,,,1.0,2.0,,,,,,,,,,,,,,,,,,1.0,,,,,,,,,,,,,,,,,,,,,,,,,,,,,,,,,,,,,,,,,,,,,,,,,,,,,,,,,,,,,,,,,,,,,,8.0,34.47235,-101.7119955
Tarrant,6.0,16.0,2.0,2.0,8.0,34.0,47.0,1.0,31.0,2.0,93.0,31.0,27.0,111.0,145.0,14.0,30.0,205.0,9.0,60.0,80.0,189.0,24.0,9.0,53.0,117.0,,1.0,1.0,3.0,10.0,18.0,137.0,7.0,392.0,362.0,,16.0,442.0,211.0,,1.0,,1.0,50.0,6.0,15.0,93.0,58.0,50.0,217.0,7.0,214.0,422.0,,,1.0,10.0,15.0,17.0,43.0,5.0,2.0,,,1.0,88.0,132.0,41.0,7.0,12.0,22.0,2.0,3.0,2.0,,1.0,,25.0,97.0,351.0,6.0,120.0,26.0,73.0,50.0,4.0,28.0,15.0,23.0,13.0,17.0,13.0,,37.0,16.0,,47.0,33.0,,,5.0,11.0,63.0,38.0,47.0,132.0,,17.0,25.0,2.0,7.0,2.0,3.0,,12.0,40.0,55.0,,10.0,54.0,365.0,,,1.0,69.0,2.0,58.0,39.0,,214.0,406.0,168.0,103.0,2.0,1.0,24.0,,,6.0,21.0,36.0,4369.0,1292.0,831.0,4052.0,1.0,2.0,16.0,33.0,188.0,,86.0,,246.0,21.0,140.0,29.0,11.0,,,39.0,67.0,125.0,,,,,19064.0,32.7513658,-97.335696
Taylor,,,,,,,1.0,,,,,,1.0,1.0,,1.0,1.0,1.0,,,1.0,1.0,,,,,,,,,,,3.0,,10.0,11.0,,,20.0,13.0,,,,,,,,10.0,,10.0,3.0,,12.0,23.0,,,,,1.0,,,,,,,,,2.0,1.0,,1.0,1.0,,,,,,,,6.0,14.0,,8.0,,2.0,,1.0,2.0,,1.0,,,1.0,,2.0,1.0,,,2.0,,,,,,,1.0,1.0,,1.0,1.0,,,,,,,,20.0,,,1.0,13.0,,,,,,1.0,,,1.0,,4.0,3.0,,,2.0,,,1.0,,2.0,92.0,25.0,12.0,45.0,,,1.0,2.0,7.0,,8.0,,7.0,,,2.0,,,,,3.0,5.0,,,,,430.0,32.2793121,-99.8812612
Terry,,,,,,,1.0,,,,,,,,,,,,,,,,,,,,,,,,,,,,,,,,1.0,,,,,,,,,,,,2.0,,,1.0,,,,,,,,,,,,,,,,,,,,,,,,,,1.0,,,1.0,,,,,,,,,,,,1.0,,,,,,,,,,,,,,,,,,,,,,,,,,,,,,,,,,,,,,1.0,,,,,,,,,,,1.0,,5.0,,,,,,,,,,,,,,,,,,,,,,,15.0,33.1514254,-102.3328121
Throckmorton,,,,,,,,,,,,,,,,,,,,,,,,,,,,,,,,,,,,,,,,,,,,,,,,,,,,,,,,,,,,,,,,,,,,,,,,,,,,,,,,,,,,,,,,,,,,,,,,,,,,,,,,,,,,,,,,,,,,,,,,,,,,,,,,,,,,,,,,,,,,,,,1.0,,,,,,,,,,,,,,,,,,,,,,,,,,1.0,33.1571081,-99.2017838
Titus,,,,,1.0,,1.0,,,,,,,,,,,,,,,1.0,,,,,,,,,,,1.0,1.0,,,,,3.0,3.0,,,,,,,,,,1.0,,,2.0,2.0,,,,,,,,,,,,,,2.0,2.0,,,,,,,,,,,1.0,2.0,,,,,1.0,,,,,,,,,1.0,1.0,,,,,,,,,,,,,,,,,,,,,,,,,,1.0,,,,,,,,,,,,1.0,,,,,,,,,12.0,3.0,1.0,6.0,,,,,2.0,,,,1.0,,,,,,,,1.0,1.0,,,,,55.0,33.2040399,-94.9651725
Tom Green,,,,,,,1.0,,,,1.0,,1.0,1.0,2.0,1.0,,4.0,,2.0,1.0,,,,1.0,,,,,,,,11.0,,8.0,7.0,,,9.0,7.0,,,,,3.0,,,2.0,,1.0,5.0,1.0,4.0,11.0,,,,,,1.0,,,,,,,5.0,,,,1.0,,,,,,,,,8.0,19.0,,9.0,,3.0,2.0,,2.0,,2.0,,,,,2.0,1.0,,1.0,4.0,,,,,,,,1.0,,,,,,,,,,,,,,3.0,13.0,,,,,,4.0,,,1.0,,3.0,2.0,,,1.0,,,,,,57.0,11.0,6.0,26.0,,,,,8.0,,7.0,,2.0,1.0,,1.0,,,,,,6.0,,,,,297.0,31.3782559,-100.4133839
Travis,18.0,67.0,2.0,1.0,14.0,109.0,150.0,3.0,77.0,4.0,196.0,65.0,46.0,212.0,191.0,12.0,81.0,465.0,6.0,171.0,178.0,274.0,22.0,17.0,41.0,146.0,,1.0,1.0,,,9.0,119.0,4.0,373.0,987.0,10.0,19.0,733.0,420.0,,2.0,,1.0,106.0,6.0,18.0,157.0,56.0,152.0,360.0,38.0,231.0,940.0,,,,17.0,12.0,19.0,23.0,10.0,7.0,,,,151.0,627.0,95.0,10.0,25.0,70.0,4.0,6.0,10.0,3.0,,,49.0,350.0,619.0,1.0,147.0,37.0,143.0,162.0,3.0,33.0,20.0,33.0,21.0,37.0,37.0,1.0,35.0,15.0,,70.0,60.0,2.0,1.0,6.0,5.0,47.0,30.0,37.0,125.0,1.0,18.0,25.0,5.0,3.0,,1.0,,68.0,101.0,99.0,14.0,20.0,100.0,936.0,,,1.0,218.0,,119.0,47.0,,308.0,,538.0,319.0,,,14.0,,,22.0,26.0,144.0,8161.0,2205.0,1373.0,7681.0,10.0,,33.0,67.0,397.0,4.0,289.0,,471.0,59.0,43.0,39.0,6.0,,15.0,138.0,236.0,384.0,,,,,35284.0,30.2878569,-97.7561392
Trinity,,,,,,,,,,,,,,,,,,,,,,,,,,,,,,,,,,,,1.0,,,1.0,2.0,,,,,,,,1.0,,,,,,1.0,,,,,,,,,,,,,1.0,,,,,,,,,,,,,2.0,2.0,,,,1.0,,,,,,,,,,,,,,,,,,,,,,,,,,,,,,,,,,,,,1.0,,,,,,,,,,,,,,,,,,,,1.0,3.0,,,,,,,,2.0,,1.0,,2.0,,,,,,,,,,,,,,22.0,31.0834452,-95.1219348
Tyler,,,,,,,,,,,,,,,,,,,,1.0,,,,,,,,,,,,,,,,1.0,,,1.0,,,,,,,,,1.0,,,1.0,,2.0,,,,,,,,,,,,,,,,,,,1.0,,,,,,,,1.0,1.0,,,,,,,,,,,,,,1.0,,,,,,,,,,,,,,,,,,,,,1.0,,,,,,,,,,,,,,,,,,,,,,,,,,,2.0,,,,,,,,1.0,,,,1.0,,,,,,,,,,,,,,16.0,30.7563939,-94.3984613
Upshur,,,,,,,,,,,,,,,1.0,,,1.0,,,,,,,,,,,,,,,1.0,,1.0,1.0,,,7.0,2.0,,,,,,,,2.0,,1.0,2.0,,,2.0,,,,,,,,,,,,,,,,,,,,,,,,,,1.0,5.0,,,,2.0,,,1.0,,1.0,,,,,,,,,,,,,,1.0,,,2.0,,,,,,,,,,,1.0,1.0,,,3.0,,,,,,,,,,,,1.0,,,,,,,,,18.0,2.0,1.0,8.0,,,,1.0,2.0,,,,,,,,,,,,,,,,,,72.0,32.7263725,-94.9286251
Upton,,,,,,,,,,,,,,,,,,,,,,,,,,,,,,,,,,,,,,,,,,,,,,,,,,,1.0,,,,,,,1.0,,,,,,,,,,,,,,,,,,,,,,,,,,,,,,,,,,,,,,,,,,,,,,,,,,,,,,,,,,,,,,,,,,,,,,,,,,,,,,,,,,,,,,,,,,,,,,,,,,,,,,,,,,,,,,,2.0,31.3720387,-102.0386055
Uvalde,,,,,,,,,,,,,,1.0,,,,,,,,,,,,,,,,,,,,,,1.0,,,1.0,2.0,,,,,,,,,,,,,2.0,1.0,,,,,2.0,,,,,,,,,,,,,,,,,,,,,1.0,,,,,,,,,,,,,,,,,,,,,,,,,,,,,,,,,,,,,,,,,,1.0,,,,,,,1.0,,,,,1.0,,,,,,,,,8.0,5.0,1.0,3.0,,,,,2.0,,,,,,,,,,,,,,,,,,33.0,29.300357,-99.7733181
Val Verde,,1.0,,,,,1.0,,,,,,,3.0,,1.0,1.0,2.0,,1.0,2.0,1.0,,,1.0,,,,,,,,,,,1.0,,,3.0,2.0,,,,,,,,2.0,3.0,,1.0,,2.0,4.0,,,,,,,,,,,,,,,,,,,2.0,,,,,,,9.0,6.0,,,,,1.0,,,,,,,1.0,,2.0,1.0,,,1.0,,,,,,,1.0,1.0,,,,,,,,,,,2.0,,,,3.0,,,,,,1.0,,,1.0,,,2.0,,,,,,,1.0,,22.0,5.0,,9.0,2.0,,,,7.0,,1.0,,1.0,,,1.0,,,,,1.0,,,,,,116.0,29.9153286,-101.1284631
Van Zandt,,,,,,,,,,,,,,2.0,1.0,,,1.0,,,3.0,1.0,,,,,,,,,,,1.0,,2.0,6.0,,,8.0,5.0,,,,,1.0,,1.0,5.0,,3.0,4.0,,4.0,7.0,,,,1.0,1.0,,,,,,,,,,,,,,,,,,,,,2.0,6.0,,1.0,,1.0,,,,,,,1.0,,,,,,,1.0,,,,,,,,,,1.0,,,,,,,,1.0,,,,1.0,4.0,,,,,,,,,1.0,,2.0,3.0,,,2.0,,,,,,35.0,3.0,2.0,23.0,,,,,3.0,,,,,,,,,,,,,,,,,,150.0,32.5375642,-95.8292165
Victoria,,1.0,,,1.0,,1.0,,1.0,,,,,1.0,1.0,,,1.0,,,1.0,,,,1.0,,,,,,,,2.0,,,3.0,,,6.0,1.0,,,,,1.0,,1.0,1.0,,,4.0,,3.0,6.0,,,,,,2.0,,1.0,,,,,1.0,1.0,1.0,,1.0,2.0,,,,,,,,1.0,7.0,,3.0,,,,,,,,,,,,1.0,1.0,,,1.0,,,,,,,,2.0,,,1.0,,,,,,,,2.0,,,,2.0,,,,,,,,,3.0,,1.0,,,,,,,,,,43.0,15.0,5.0,40.0,,,2.0,1.0,5.0,,4.0,,,1.0,,,,,,,,2.0,,,,,189.0,28.8026443,-96.9766308
Walker,,2.0,,,,,,,,,,,,3.0,1.0,,,,,,,2.0,,,,,,,,,,,,,3.0,1.0,,,3.0,4.0,,,,,1.0,,,1.0,,,5.0,,1.0,2.0,,,,,,1.0,,,,,,,,1.0,,,,1.0,,,,,,,,8.0,6.0,,,,1.0,,,,,,,,1.0,,,,,,,,,,,,1.0,,,,1.0,,,,,,,,,,,,1.0,6.0,,,,,,,1.0,,,,2.0,,,,,,,,,,26.0,5.0,4.0,18.0,,,,,1.0,,1.0,,3.0,,,1.0,,,,1.0,,1.0,,,,,121.0,30.6795741,-95.5522823
Waller,,1.0,,,1.0,1.0,1.0,,1.0,,2.0,2.0,,2.0,1.0,,,5.0,,,1.0,1.0,,,1.0,4.0,,,,,,,,,3.0,13.0,,,7.0,12.0,,,,,1.0,,,1.0,1.0,1.0,5.0,,5.0,12.0,,,,,1.0,1.0,,2.0,,,,,5.0,7.0,2.0,,,1.0,,2.0,,,,,,4.0,6.0,,,,1.0,2.0,,,1.0,,,,2.0,,2.0,1.0,,1.0,,,,,,,,1.0,1.0,,,,,,,,,,1.0,,,,4.0,5.0,,,,2.0,,2.0,2.0,,3.0,,3.0,4.0,,,,,,,,2.0,93.0,19.0,12.0,119.0,,,1.0,,4.0,,2.0,,10.0,,1.0,,,,,1.0,,2.0,,,,,420.0,29.9443902,-95.9955885
Ward,,,,,,,,,,,,,,,,,,,,,,,,,,,,,,,,,1.0,,,,,,,,,,,,,,,,,,,,,,,,,,,,,,,,,,,,,,,,,,,,,,,,1.0,,,,,,,,,,,,,,1.0,,,,,,,,,,,,,,,,,,,,,,,,,,,,,,,,,,,,,,,,,,,,,,,,1.0,2.0,,5.0,,,,,,,,,,,,,,,,,,,,,,,11.0,31.5007583,-103.0781186
Washington,,,,,,,,,,,,,,1.0,1.0,,,2.0,,1.0,,,,,2.0,,,,,,,,,,2.0,2.0,,,2.0,2.0,,,,,,,,2.0,,,5.0,,4.0,8.0,,,,,,,,,,,,,,4.0,2.0,,1.0,,,1.0,,,,,,,3.0,,,1.0,1.0,1.0,,1.0,2.0,1.0,1.0,1.0,,,,,,,,,,,,,,,1.0,,,,,,,,,,,,,,,1.0,,,,,,,1.0,,,,,1.0,,,,,,,,,31.0,5.0,5.0,24.0,,,,1.0,1.0,,2.0,,1.0,,1.0,,,,,,,2.0,,,,,131.0,30.2226352,-96.3936114
Webb,,,,,1.0,2.0,5.0,,1.0,,1.0,3.0,1.0,10.0,8.0,2.0,1.0,3.0,3.0,1.0,3.0,3.0,1.0,3.0,3.0,4.0,1.0,,,,,,6.0,,9.0,3.0,,1.0,10.0,6.0,,1.0,,,1.0,,,2.0,1.0,3.0,8.0,,3.0,26.0,,,,,2.0,2.0,,,,,,,2.0,3.0,1.0,,,,,,,,,,,9.0,25.0,,2.0,,,,2.0,,,,,1.0,1.0,,2.0,,,,7.0,,,,,6.0,4.0,2.0,17.0,,1.0,4.0,,,,,,1.0,,1.0,,,3.0,3.0,,,,,,2.0,,,6.0,,,6.0,,,,,,,,1.0,127.0,20.0,24.0,86.0,,,3.0,,,,4.0,,14.0,,,1.0,,4.0,,1.0,,6.0,,,,,546.0,27.6983621,-99.2523577
Wharton,,,,,,,,,,,,,,1.0,1.0,,,1.0,,,,,,,,,,,,,,,1.0,,,1.0,,,4.0,1.0,,,,,,,,3.0,,,1.0,,3.0,1.0,,,,,,,,,,,,,1.0,1.0,,,,,,,,,,,,1.0,7.0,,,,,1.0,,,,,,,,,,,,1.0,,,,,,,,,1.0,,,1.0,,,,,,,,1.0,,,,,,,,,,,,,,,,,,,,,,,,1.0,10.0,5.0,3.0,10.0,,,,,3.0,,,,,,,,,,,,,1.0,,,,,66.0,29.2454534,-96.2291474
Wheeler,,,,,,,,,,,,,,,,,,,,,,,,,,,,,,,,,,,,,,,,,,,,,,,,,,,,,,,,,,,,,,,,,,,,,,,,,,,,,,,,1.0,,,,,,,,,,,,,,,,,,,,,,,,,,,,,,,,,,,,,,,,,,,,,,,,,,,,,,,,,,,,,,,,,,,,,,,1.0,,,,,,,,,,,,,,,,,,2.0,35.3921902,-100.2632764
Wichita,,1.0,,,,,1.0,,,,,,,2.0,6.0,,1.0,9.0,,,,1.0,,,5.0,,,,,,,,1.0,,10.0,7.0,,,13.0,10.0,,,,,2.0,,1.0,4.0,,4.0,7.0,1.0,9.0,14.0,,1.0,,,,,,,,,,,6.0,3.0,1.0,,1.0,1.0,,1.0,,,,,,3.0,12.0,,1.0,,3.0,,,4.0,,,,1.0,,,1.0,,,,2.0,,,,,,,,4.0,,,,1.0,,,,,,1.0,1.0,,,1.0,7.0,,,,,,,2.0,,2.0,,4.0,1.0,,,,,,1.0,,,66.0,23.0,11.0,52.0,,,1.0,2.0,4.0,,1.0,,1.0,1.0,,1.0,,,,,2.0,2.0,,,,,342.0,33.9516534,-98.7088886
Wilbarger,,,,,,,,,,,,,,,,,,1.0,,,,,,,,,,,,,,,1.0,,,1.0,,,,,,,,,1.0,,,,,,,,,,,,,,1.0,,,,,,,,,,,,,,,,,,,,,1.0,2.0,,,,,,,,,,,,,,,,,,1.0,,,,,,,,,,,,,,,,,,,,,,1.0,1.0,,,,,,,,,,,,,,,,,,,,,,,1.0,2.0,,,2.0,,1.0,,,,,,,,,,,,,1.0,,,,,18.0,34.0265157,-99.2085961
Willacy,,,,,,,,,,,,1.0,,,,,,,,,1.0,,,,,,,,,,,,,,,,,,1.0,,,,,,,,,,,1.0,,,,3.0,,,,,,,,,,,,,,,,,,,,,,,,,,,3.0,,,,,,,,,,,,,,,,,,,,,,,,,,,,,,,,,,,,,,,,,1.0,,,,,,,,,,,,,,,1.0,,,,,,5.0,,,4.0,,,,,1.0,,2.0,,,,,,,,,,,,,,,,24.0,26.4553947,-97.5947484
Williamson,7.0,15.0,2.0,,6.0,29.0,38.0,,12.0,1.0,53.0,16.0,15.0,75.0,68.0,2.0,21.0,175.0,,41.0,75.0,94.0,8.0,2.0,7.0,57.0,,,,,4.0,5.0,78.0,6.0,144.0,223.0,,8.0,314.0,266.0,,,,,27.0,,10.0,60.0,20.0,32.0,145.0,10.0,111.0,253.0,1.0,,,1.0,3.0,3.0,1.0,2.0,4.0,,,1.0,89.0,144.0,35.0,9.0,7.0,13.0,5.0,9.0,3.0,,,,12.0,67.0,172.0,,73.0,16.0,51.0,55.0,3.0,13.0,6.0,10.0,1.0,17.0,12.0,,38.0,11.0,,16.0,44.0,,1.0,2.0,5.0,18.0,15.0,24.0,46.0,,12.0,17.0,1.0,2.0,,,1.0,22.0,37.0,29.0,3.0,,79.0,357.0,,,1.0,63.0,,16.0,12.0,,50.0,1.0,127.0,78.0,,,7.0,,,7.0,14.0,41.0,3172.0,605.0,428.0,4572.0,1.0,,26.0,35.0,158.0,2.0,93.0,,243.0,15.0,19.0,15.0,2.0,,6.0,24.0,64.0,93.0,,,,1.0,14144.0,30.6580927,-97.6041649
Wilson,,,,,,,,,,,1.0,,,2.0,3.0,1.0,,2.0,,,,2.0,,,,1.0,,,,,,,1.0,1.0,2.0,4.0,,1.0,3.0,7.0,,,,,1.0,,,2.0,2.0,,3.0,,2.0,6.0,,,,,,,,,,,,,1.0,1.0,,,,,,,,,,,,4.0,13.0,,1.0,1.0,2.0,,,,,,,,1.0,,2.0,,,,1.0,,,,,,,,,,,,,,,,,1.0,1.0,,,,,3.0,,,,,,,1.0,,1.0,,1.0,2.0,,,,,,,,,35.0,7.0,5.0,33.0,,,,,4.0,,,,1.0,,1.0,,,,,,1.0,1.0,,,,,172.0,29.1589961,-98.1251465
Winkler,,,,,,,,,,,,,,,,,,,,,,,,,,,,,,,,,,,,,,,,,,,,,,,,,,,,,,,,,,,,,,,,,,,,,,,,,,,,,,,,,,,,,,,,,,,,,,,,,,,,,,,,,,,1.0,,,,,,,,,,,,,,,,,,,,,,,,,,,,,,,,,,,,,,,1.0,,,,,,,,,,,,,,,,,,,,,,,2.0,31.8005913,-103.0762299
Wise,1.0,,,,,2.0,1.0,,,,1.0,,,,1.0,,1.0,5.0,,1.0,1.0,1.0,,,,1.0,,,,,,1.0,1.0,,2.0,9.0,,,11.0,2.0,,,,1.0,,,1.0,3.0,1.0,2.0,9.0,,8.0,13.0,,,,1.0,,,,,,,,1.0,4.0,3.0,2.0,,,2.0,,,,,,,,3.0,7.0,,3.0,1.0,4.0,,,1.0,,,,,1.0,,4.0,,,1.0,,,,,,,,1.0,1.0,,,,,,,,,,,2.0,,,,9.0,,,,1.0,,,1.0,,1.0,,,3.0,,,,,,,,1.0,51.0,16.0,8.0,24.0,,,,1.0,9.0,,,,5.0,,,,,,,1.0,1.0,3.0,,,,,257.0,33.2139213,-97.6563925
Wood,,,,,,,,,,,,,,,1.0,,,1.0,,,,,,,,,,,,,,,,,2.0,4.0,,,4.0,2.0,,,,,1.0,,,,,1.0,1.0,,2.0,1.0,,,,,,,,,,,,,1.0,,,,,,,,1.0,,,,,1.0,6.0,,1.0,,,,,,,,,,,,1.0,1.0,,1.0,,,,,,,,,,,,,,,,,,,,2.0,,,,2.0,,,,,,,,,,,1.0,2.0,,,,,,,,,23.0,8.0,1.0,16.0,,,,,1.0,,2.0,,1.0,,,,,,,,,,,,,,92.0,32.7577475,-95.3812941
Yoakum,,,,,,,,,,,,,,,,,,,,,,,,,,,,,,,,,,,,,,,,,,,,,,,,,,,,,,,,,,,,,,,,,,,,,,,,,1.0,,,,,,,,,,,,,,,,,,,,,,,,,,,,,,,,,,,,,,,,,,,,,,,,,,,,,,,,,,,,,,,,,,,,,,,,,1.0,,,,,,,,,,,,,,,,,,,,,,,2.0,33.1536951,-102.833579
Young,,1.0,,,,,,,,,,,,,,,,1.0,,,,,,,,,,,,,,1.0,1.0,,1.0,1.0,,,,2.0,,,,,,,,1.0,,,6.0,,,1.0,,,,,,,,,,,,,,,,,,,,,,,,,,,1.0,,,,,,,,,,,,,,1.0,,,,,,,,,,,,,,,,,,,,,,1.0,,,,,,,,,,,,1.0,,,,,,,,,,,,,,3.0,3.0,1.0,5.0,,,,,1.0,,,,,,,,,,,,,1.0,,,,,34.0,33.1508315,-98.6962766
Zapata,,,,,,,,,,,,,,,,,,,,,,,,,1.0,,,,,,,,,,,,,,,,,,,,,,,,,1.0,,,,1.0,,,,,,,,,,,,,,,,,,,,,,,,,,,2.0,,,,,,,,,1.0,,,,,,,,,,,,,,,,,,,,,,,,,,,,,,,,,,,,,,,,,,,,,,,,,,,,,3.0,1.0,,,,,,,,,,,,,,,,,,,,,,,,,10.0,26.9879626,-99.1673556
Zavala,,,,,,,,,,,,,,,,,,,,,,,,,,,,,,,,,,,,,,,,,,,,,,,,,,,,,,,,,,,,,,,,,,,,,,,,,,,,,,,,,1.0,,,,,,,,,,,,,,,,,,,,,,1.0,,,,,,,,,,,,,,,,,,,,,,,,,,,,,,,,,,,,,,,,,,,1.0,,,,,,,,,,,,,,,,,,,,,,,3.0,28.8366612,-99.767631
Cochran,,,,,,,,,,,,,,,,,,,,,,,,,,,,,,,,,,,,,,,,,,,,,,,,,,,,,,,,,,,,,,,,,,,,,,,,,,,,,,,,,,,,,,,,,,,,,,,,,,,,,,,,,,,,,,,,,,,,,,,,,,,,,,,,,,,,,,,,,,,,,,,,,,,,,,,,,,,,,,,,,,,,,,,,,,33.5905096,-102.805677
Cottle,,,,,,,,,,,,,,,,,,,,,,,,,,,,,,,,,,,,,,,,,,,,,,,,,,,,,,,,,,,,,,,,,,,,,,,,,,,,,,,,,,,,,,,,,,,,,,,,,,,,,,,,,,,,,,,,,,,,,,,,,,,,,,,,,,,,,,,,,,,,,,,,,,,,,,,,,,,,,,,,,,,,,,,,,,34.0573118,-100.283259
Crane,,,,,,,,,,,,,,,,,,,,,,,,,,,,,,,,,,,,,,,,,,,,,,,,,,,,,,,,,,,,,,,,,,,,,,,,,,,,,,,,,,,,,,,,,,,,,,,,,,,,,,,,,,,,,,,,,,,,,,,,,,,,,,,,,,,,,,,,,,,,,,,,,,,,,,,,,,,,,,,,,,,,,,,,,,31.4486118,-102.5163544
Glasscock,,,,,,,,,,,,,,,,,,,,,,,,,,,,,,,,,,,,,,,,,,,,,,,,,,,,,,,,,,,,,,,,,,,,,,,,,,,,,,,,,,,,,,,,,,,,,,,,,,,,,,,,,,,,,,,,,,,,,,,,,,,,,,,,,,,,,,,,,,,,,,,,,,,,,,,,,,,,,,,,,,,,,,,,,,31.8640224,-101.4811312
Kenedy,,,,,,,,,,,,,,,,,,,,,,,,,,,,,,,,,,,,,,,,,,,,,,,,,,,,,,,,,,,,,,,,,,,,,,,,,,,,,,,,,,,,,,,,,,,,,,,,,,,,,,,,,,,,,,,,,,,,,,,,,,,,,,,,,,,,,,,,,,,,,,,,,,,,,,,,,,,,,,,,,,,,,,,,,,26.9205171,-97.7461361
McMullen,,,,,,,,,,,,,,,,,,,,,,,,,,,,,,,,,,,,,,,,,,,,,,,,,,,,,,,,,,,,,,,,,,,,,,,,,,,,,,,,,,,,,,,,,,,,,,,,,,,,,,,,,,,,,,,,,,,,,,,,,,,,,,,,,,,,,,,,,,,,,,,,,,,,,,,,,,,,,,,,,,,,,,,,,,28.3138785,-98.5527241
Reagan,,,,,,,,,,,,,,,,,,,,,,,,,,,,,,,,,,,,,,,,,,,,,,,,,,,,,,,,,,,,,,,,,,,,,,,,,,,,,,,,,,,,,,,,,,,,,,,,,,,,,,,,,,,,,,,,,,,,,,,,,,,,,,,,,,,,,,,,,,,,,,,,,,,,,,,,,,,,,,,,,,,,,,,,,,31.3458428,-101.5295291
Schleicher,,,,,,,,,,,,,,,,,,,,,,,,,,,,,,,,,,,,,,,,,,,,,,,,,,,,,,,,,,,,,,,,,,,,,,,,,,,,,,,,,,,,,,,,,,,,,,,,,,,,,,,,,,,,,,,,,,,,,,,,,,,,,,,,,,,,,,,,,,,,,,,,,,,,,,,,,,,,,,,,,,,,,,,,,,30.8791222,-100.5418961
Terrell,,,,,,,,,,,,,,,,,,,,,,,,,,,,,,,,,,,,,,,,,,,,,,,,,,,,,,,,,,,,,,,,,,,,,,,,,,,,,,,,,,,,,,,,,,,,,,,,,,,,,,,,,,,,,,,,,,,,,,,,,,,,,,,,,,,,,,,,,,,,,,,,,,,,,,,,,,,,,,,,,,,,,,,,,,30.1990738,-102.0974881
